/*
 Navicat Premium Data Transfer

 Source Server         : localhost
 Source Server Type    : MySQL
 Source Server Version : 100416
 Source Host           : localhost:3306
 Source Schema         : meeting

 Target Server Type    : MySQL
 Target Server Version : 100416
 File Encoding         : 65001

 Date: 02/03/2021 15:59:16
*/

SET NAMES utf8mb4;
SET FOREIGN_KEY_CHECKS = 0;

-- ----------------------------
-- Table structure for add_meeting
-- ----------------------------
DROP TABLE IF EXISTS `add_meeting`;
CREATE TABLE `add_meeting`  (
  `meeting_id` int(11) NOT NULL AUTO_INCREMENT,
  `meeting_name` varchar(255) CHARACTER SET utf8 COLLATE utf8_general_ci NULL DEFAULT NULL,
  `meeting_BE` varchar(255) CHARACTER SET utf8 COLLATE utf8_general_ci NULL DEFAULT NULL,
  `meeting_terms` varchar(255) CHARACTER SET utf8 COLLATE utf8_general_ci NULL DEFAULT NULL,
  `meeting_order` varchar(255) CHARACTER SET utf8 COLLATE utf8_general_ci NULL DEFAULT NULL,
  `meeting_date` date NULL DEFAULT NULL,
  `meeting_time` time(0) NULL DEFAULT NULL,
  `meeting_room` varchar(255) CHARACTER SET utf8 COLLATE utf8_general_ci NULL DEFAULT NULL,
  `meeting_building` varchar(255) CHARACTER SET utf8 COLLATE utf8_general_ci NULL DEFAULT NULL,
  `user_id` int(11) NULL DEFAULT NULL,
  `meeting_start` time(0) NULL DEFAULT NULL,
  `meeting_end` time(0) NULL DEFAULT NULL,
  PRIMARY KEY (`meeting_id`) USING BTREE
) ENGINE = InnoDB AUTO_INCREMENT = 35 CHARACTER SET = utf8 COLLATE = utf8_general_ci ROW_FORMAT = DYNAMIC;

-- ----------------------------
-- Records of add_meeting
-- ----------------------------
INSERT INTO `add_meeting` VALUES (25, 'การประชุมคณะกรรมการบริหารคณะวิทยาศาสตร์', '2564', '6', '', '2020-07-07', '01:04:12', 'ห้องพุดน้ำบุษย์', 'อาคารวิทยาศาสตร์สุขภาพ', NULL, '08:08:00', '22:09:00');
INSERT INTO `add_meeting` VALUES (26, 'การประชุมคณะกรรมการบริหารคณะวิทยาศาสตร์ สมัยสามัญ', '2563', '1', '', '2020-08-16', '08:46:45', 'ทานตะวัน', 'ศูนย์วิทยาศาสตร์และวิทยาศาสตร์ประยุกต์', NULL, '11:48:00', '00:48:00');
INSERT INTO `add_meeting` VALUES (27, 'การประชุมคณะกรรมการบริหารคณะวิทยาศาสตร์ สมัยสามัญ', '2563', '2', '', '2020-08-27', '08:47:39', 'ห้องดาวเรือง', 'ศูนย์วิทยาศาสตร์และวิทยาศาสตร์ประยุกต์', NULL, '01:00:00', '02:00:00');
INSERT INTO `add_meeting` VALUES (28, 'การประชุมคณะกรรมการบริหารคณะวิทยาศาสตร์ สมัยสามัญ', '2563', '3', '', '2020-09-16', '08:48:29', 'ห้องพุดน้ำบุษย์', 'อาคารวิทยาศาสตร์สุขภาพ', NULL, '11:12:00', '01:14:00');
INSERT INTO `add_meeting` VALUES (29, 'การประชุมคณะกรรมการบริหารคณะวิทยาศาสตร์ สมัยสามัญ', '2563', '4', '', '2020-10-22', '08:49:02', 'ทองอุไร', 'ศูนย์วิทยาศาสตร์และวิทยาศาสตร์ประยุกต์', NULL, NULL, NULL);
INSERT INTO `add_meeting` VALUES (30, 'การประชุมคณะกรรมการบริหารคณะวิทยาศาสตร์ สมัยสามัญ', '2563', '5', '', '2020-11-15', '08:49:40', 'ทานตะวัน', 'ศูนย์วิทยาศาสตร์และวิทยาศาสตร์ประยุกต์', NULL, NULL, NULL);
INSERT INTO `add_meeting` VALUES (31, 'การประชุมคณะกรรมการบริหารคณะวิทยาศาสตร์ สมัยสามัญ', '2563', '6', '', '2020-12-17', '08:50:24', 'ทานตะวัน', 'ศูนย์วิทยาศาสตร์และวิทยาศาสตร์ประยุกต์', NULL, NULL, NULL);
INSERT INTO `add_meeting` VALUES (32, 'การประชุมคณาจารย์คณะวิทยาศาสตร์', '2563', '1', '', '2020-09-16', '08:51:15', 'ห้องพุดน้ำบุษย์', 'อาคารวิทยาศาสตร์สุขภาพ', NULL, '00:25:00', '00:00:00');
INSERT INTO `add_meeting` VALUES (33, 'การประชุมคณะกรรมการบริหารคณะวิทยาศาสตร์ สมัยสามัญ', '2563', '7', '', '2020-10-20', '08:51:51', 'ห้องดาวเรือง', 'ศูนย์วิทยาศาสตร์และวิทยาศาสตร์ประยุกต์', NULL, NULL, NULL);
INSERT INTO `add_meeting` VALUES (34, 'การประชุมคณาจารย์คณะวิทยาศาสตร์', '2563', '2', '', '2020-11-22', '08:52:59', 'ทานตะวัน', 'ศูนย์วิทยาศาสตร์และวิทยาศาสตร์ประยุกต์', NULL, NULL, NULL);

-- ----------------------------
-- Table structure for agenda
-- ----------------------------
DROP TABLE IF EXISTS `agenda`;
CREATE TABLE `agenda`  (
  `agd_id` int(11) NOT NULL AUTO_INCREMENT,
  `agd_name` varchar(255) CHARACTER SET utf8 COLLATE utf8_general_ci NULL DEFAULT NULL,
  `meeting_id` int(11) NULL DEFAULT NULL,
  PRIMARY KEY (`agd_id`) USING BTREE
) ENGINE = InnoDB AUTO_INCREMENT = 9 CHARACTER SET = utf8 COLLATE = utf8_general_ci ROW_FORMAT = DYNAMIC;

-- ----------------------------
-- Records of agenda
-- ----------------------------
INSERT INTO `agenda` VALUES (1, 'เรื่องแจ้งเพื่อทราบ', 38);
INSERT INTO `agenda` VALUES (2, 'เรื่องพิจารณารับรองรายงานการประชุม', 38);
INSERT INTO `agenda` VALUES (3, 'เรื่องสืบเนื่อง', 38);
INSERT INTO `agenda` VALUES (4, 'เรื่องเสนอเพื่อพิจารณา', 38);
INSERT INTO `agenda` VALUES (5, 'เรื่องอื่นๆ', 38);

-- ----------------------------
-- Table structure for ai_for_thai
-- ----------------------------
DROP TABLE IF EXISTS `ai_for_thai`;
CREATE TABLE `ai_for_thai`  (
  `keyword_id` int(8) NOT NULL,
  `keyword_text` text CHARACTER SET utf8 COLLATE utf8_general_ci NOT NULL,
  `speech_id` int(8) NOT NULL,
  `keyword_datetime` datetime(0) NOT NULL
) ENGINE = InnoDB CHARACTER SET = utf8 COLLATE = utf8_general_ci ROW_FORMAT = DYNAMIC;

-- ----------------------------
-- Records of ai_for_thai
-- ----------------------------

-- ----------------------------
-- Table structure for attendance
-- ----------------------------
DROP TABLE IF EXISTS `attendance`;
CREATE TABLE `attendance`  (
  `attendance_id` int(10) NOT NULL AUTO_INCREMENT,
  `user_id` int(10) NULL DEFAULT NULL,
  `position_id` int(10) NULL DEFAULT NULL,
  `meeting_id` int(10) NULL DEFAULT NULL,
  `attendance_status` tinyint(1) NULL DEFAULT 0 COMMENT 'สถานะผู้เข้าร่วมประชุม 1 เข้า 0 ไม่เข้า',
  `attendance_delegate` varchar(150) CHARACTER SET utf8 COLLATE utf8_general_ci NULL DEFAULT NULL COMMENT 'ผู้แทนการประชุม',
  `attendance_note` text CHARACTER SET utf8 COLLATE utf8_general_ci NULL COMMENT 'หมายเหตุ',
  PRIMARY KEY (`attendance_id`) USING BTREE
) ENGINE = InnoDB AUTO_INCREMENT = 46 CHARACTER SET = utf8 COLLATE = utf8_general_ci ROW_FORMAT = DYNAMIC;

-- ----------------------------
-- Records of attendance
-- ----------------------------
INSERT INTO `attendance` VALUES (1, 6, 1, 1, 1, '', '');
INSERT INTO `attendance` VALUES (2, 11, 2, 1, 1, '', '');
INSERT INTO `attendance` VALUES (3, 10, 3, 1, 0, '', 'ไปราชการ');
INSERT INTO `attendance` VALUES (4, 9, 1, 2, 1, '', '');
INSERT INTO `attendance` VALUES (5, 13, 3, 2, 1, '', '');
INSERT INTO `attendance` VALUES (6, 11, 2, 2, 1, '', '');
INSERT INTO `attendance` VALUES (7, 15, 1, 3, 1, '', '');
INSERT INTO `attendance` VALUES (8, 14, 3, 3, 1, '', '');
INSERT INTO `attendance` VALUES (9, 16, 3, 3, 0, '', 'ไปราชการ');
INSERT INTO `attendance` VALUES (10, 12, 1, 4, 1, '', '');
INSERT INTO `attendance` VALUES (11, 14, 2, 4, 1, '', '');
INSERT INTO `attendance` VALUES (12, 10, 2, 4, 1, '', '');
INSERT INTO `attendance` VALUES (13, 13, 4, 4, 1, '', 'ไปราชการ');
INSERT INTO `attendance` VALUES (14, 15, 2, 5, 0, NULL, NULL);
INSERT INTO `attendance` VALUES (15, 11, 1, 5, 0, NULL, NULL);
INSERT INTO `attendance` VALUES (16, 14, 3, 5, 0, NULL, NULL);
INSERT INTO `attendance` VALUES (17, 11, 4, 2, 0, NULL, NULL);
INSERT INTO `attendance` VALUES (18, 6, 1, 25, 1, '', '');
INSERT INTO `attendance` VALUES (19, 9, 2, 25, 1, '', '');
INSERT INTO `attendance` VALUES (20, 10, 3, 25, 1, '', '');
INSERT INTO `attendance` VALUES (21, 11, 4, 25, 1, '', '');
INSERT INTO `attendance` VALUES (22, 12, 5, 25, 0, '', 'ไปราชการ');
INSERT INTO `attendance` VALUES (23, 10, 2, 26, 1, '', '');
INSERT INTO `attendance` VALUES (24, 11, 1, 26, 1, '', '');
INSERT INTO `attendance` VALUES (25, 13, 4, 26, 1, '', '');
INSERT INTO `attendance` VALUES (26, 14, 2, 26, 1, '', '');
INSERT INTO `attendance` VALUES (27, 15, 4, 26, 0, '', '');
INSERT INTO `attendance` VALUES (28, 12, 6, 26, 0, '', '');
INSERT INTO `attendance` VALUES (29, 6, 1, 27, 1, '', '');
INSERT INTO `attendance` VALUES (30, 9, 4, 27, 1, '', '');
INSERT INTO `attendance` VALUES (31, 10, 4, 27, 1, '', '');
INSERT INTO `attendance` VALUES (32, 12, 5, 27, 1, '', '');
INSERT INTO `attendance` VALUES (33, 13, 5, 27, 0, '', '');
INSERT INTO `attendance` VALUES (34, 15, 1, 28, 1, '', '');
INSERT INTO `attendance` VALUES (35, 9, 1, 28, 1, '', '');
INSERT INTO `attendance` VALUES (36, 12, 2, 28, 1, '', '');
INSERT INTO `attendance` VALUES (37, 16, 3, 28, 0, '', '');
INSERT INTO `attendance` VALUES (38, 6, 1, 29, 0, NULL, NULL);
INSERT INTO `attendance` VALUES (39, 9, 2, 29, 0, NULL, NULL);
INSERT INTO `attendance` VALUES (40, 14, 3, 29, 0, NULL, NULL);
INSERT INTO `attendance` VALUES (41, 16, 4, 29, 0, NULL, NULL);
INSERT INTO `attendance` VALUES (42, 13, 1, 30, 0, NULL, NULL);
INSERT INTO `attendance` VALUES (43, 6, 2, 30, 0, NULL, NULL);
INSERT INTO `attendance` VALUES (44, 15, 3, 30, 0, NULL, NULL);
INSERT INTO `attendance` VALUES (45, 16, 4, 30, 0, NULL, NULL);

-- ----------------------------
-- Table structure for file_input
-- ----------------------------
DROP TABLE IF EXISTS `file_input`;
CREATE TABLE `file_input`  (
  `file_id` int(8) NOT NULL AUTO_INCREMENT,
  `file_name` varchar(200) CHARACTER SET utf8 COLLATE utf8_general_ci NULL DEFAULT NULL,
  `file_format` varchar(10) CHARACTER SET utf8 COLLATE utf8_general_ci NULL DEFAULT NULL,
  `file_datetime` datetime(0) NULL DEFAULT NULL,
  `meeting_id` int(6) NULL DEFAULT NULL,
  PRIMARY KEY (`file_id`) USING BTREE
) ENGINE = InnoDB AUTO_INCREMENT = 35 CHARACTER SET = utf8 COLLATE = utf8_general_ci ROW_FORMAT = DYNAMIC;

-- ----------------------------
-- Records of file_input
-- ----------------------------
INSERT INTO `file_input` VALUES (1, '2493_ประกาศการให้ทุน', 'applicatio', '2021-02-04 17:56:06', 1);
INSERT INTO `file_input` VALUES (2, '7716_ประกาศการให้ทุน', 'applicatio', '2021-02-04 17:57:24', 2);
INSERT INTO `file_input` VALUES (3, '9739_ประกาศการให้ทุน', 'applicatio', '2021-02-04 17:58:23', 3);
INSERT INTO `file_input` VALUES (4, '2434_ประกาศการให้ทุน', 'applicatio', '2021-02-04 17:59:48', 4);
INSERT INTO `file_input` VALUES (5, '6967_ประกาศการให้ทุน', 'applicatio', '2021-02-04 18:03:51', 5);
INSERT INTO `file_input` VALUES (6, '3965_ประกาศการให้ทุน', 'applicatio', '2021-02-04 19:20:11', 6);
INSERT INTO `file_input` VALUES (7, '6858_ประกาศการให้ทุน', 'applicatio', '2021-02-04 19:22:16', 7);
INSERT INTO `file_input` VALUES (8, '9295_ประกาศการให้ทุน', 'applicatio', '2021-02-04 19:24:43', 8);
INSERT INTO `file_input` VALUES (9, '5596_ประกาศการให้ทุน', 'applicatio', '2021-02-04 19:25:28', 9);
INSERT INTO `file_input` VALUES (10, '1533_ประกาศการให้ทุน', 'applicatio', '2021-02-04 19:26:33', 10);
INSERT INTO `file_input` VALUES (11, '3438_ประกาศการให้ทุน', 'applicatio', '2021-02-05 00:38:04', 11);
INSERT INTO `file_input` VALUES (12, '1970_??ขอเชิญรับเงิน', 'applicatio', '2021-02-05 00:39:36', 12);
INSERT INTO `file_input` VALUES (13, '7940_Doc1.pdf', 'applicatio', '2021-02-05 00:41:05', 13);
INSERT INTO `file_input` VALUES (14, '3754_Doc1.pdf', 'applicatio', '2021-02-05 00:41:31', 14);
INSERT INTO `file_input` VALUES (15, '6710_Doc1.pdf', 'applicatio', '2021-02-05 00:42:05', 15);
INSERT INTO `file_input` VALUES (16, '7138_Doc1.pdf', 'applicatio', '2021-02-05 00:42:18', 16);
INSERT INTO `file_input` VALUES (17, '8208_Doc1.pdf', 'applicatio', '2021-02-05 00:44:04', 17);
INSERT INTO `file_input` VALUES (18, '7438_รายงานการประชุม', 'applicatio', '2021-02-05 00:48:24', 18);
INSERT INTO `file_input` VALUES (19, '2122_student_invoice', 'applicatio', '2021-02-05 00:52:47', 19);
INSERT INTO `file_input` VALUES (20, '9656_student_invoice', 'applicatio', '2021-02-05 00:55:22', 20);
INSERT INTO `file_input` VALUES (21, '4005_student_invoice', 'applicatio', '2021-02-05 00:56:27', 21);
INSERT INTO `file_input` VALUES (22, '7275_เมครายงานการประ', 'applicatio', '2021-02-05 00:57:38', 22);
INSERT INTO `file_input` VALUES (23, '8148_เมครายงานการประชุม (1).pdf', 'applicatio', '2021-02-05 00:58:16', 23);
INSERT INTO `file_input` VALUES (24, '3415_student_invoice_pdf_1.pdf', 'applicatio', '2021-02-05 00:59:52', 24);
INSERT INTO `file_input` VALUES (25, '1965_คู่มือการใช้งานระบบ nsc.pdf', 'applicatio', '2021-02-05 01:04:12', 25);
INSERT INTO `file_input` VALUES (26, '9935_ประกาศการให้ทุนค่าวัสดุ2563.pdf', 'applicatio', '2021-02-05 08:46:45', 26);
INSERT INTO `file_input` VALUES (27, '1546_ประกาศการให้ทุนค่าวัสดุ2563.pdf', 'applicatio', '2021-02-05 08:47:39', 27);
INSERT INTO `file_input` VALUES (28, '9617_ประกาศการให้ทุนค่าวัสดุ2563.pdf', 'applicatio', '2021-02-05 08:48:29', 28);
INSERT INTO `file_input` VALUES (29, '9174_ประกาศการให้ทุนค่าวัสดุ2563.pdf', 'applicatio', '2021-02-05 08:49:02', 29);
INSERT INTO `file_input` VALUES (30, '4052_ประกาศการให้ทุนค่าวัสดุ2563.pdf', 'applicatio', '2021-02-05 08:49:40', 30);
INSERT INTO `file_input` VALUES (31, '4189_ประกาศการให้ทุนค่าวัสดุ2563.pdf', 'applicatio', '2021-02-05 08:50:24', 31);
INSERT INTO `file_input` VALUES (32, '2646_ประกาศการให้ทุนค่าวัสดุ2563.pdf', 'applicatio', '2021-02-05 08:51:15', 32);
INSERT INTO `file_input` VALUES (33, '9427_ประกาศการให้ทุนค่าวัสดุ2563.pdf', 'applicatio', '2021-02-05 08:51:51', 33);
INSERT INTO `file_input` VALUES (34, '1429_ประกาศการให้ทุนค่าวัสดุ2563.pdf', 'applicatio', '2021-02-05 08:52:59', 34);

-- ----------------------------
-- Table structure for google_speech
-- ----------------------------
DROP TABLE IF EXISTS `google_speech`;
CREATE TABLE `google_speech`  (
  `speech_id` int(8) NOT NULL AUTO_INCREMENT,
  `speech_name` text CHARACTER SET utf8 COLLATE utf8_general_ci NOT NULL,
  `speech_text` longtext CHARACTER SET utf8 COLLATE utf8_general_ci NOT NULL,
  `speech_datetime` datetime(0) NOT NULL DEFAULT current_timestamp(0),
  `meeting_id` int(8) NOT NULL,
  `text_sum` longtext CHARACTER SET utf8 COLLATE utf8_general_ci NOT NULL,
  PRIMARY KEY (`speech_id`) USING BTREE
) ENGINE = InnoDB AUTO_INCREMENT = 17 CHARACTER SET = utf8 COLLATE = utf8_general_ci ROW_FORMAT = DYNAMIC;

-- ----------------------------
-- Records of google_speech
-- ----------------------------
INSERT INTO `google_speech` VALUES (1, '2.wav', 'พื้นที่การศึกษาประถมและมัธยมท่านรองและก็ตลอดจนเจ้าหน้าที่ผู้มีส่วนเกี่ยวข้องนะครับวันนี้ก็เป็นอีกวันหนึ่งซึ่งผมถือว่าเป็นโอกาสที่จะได้ทำความเข้าใจหรือชี้แจงถึงข้อราชการและแนวปฏิบัตินะครับในส่วนที่จะต้องดำเนินงานร่วมกันระหว่างสพฐกับเขตพื้นที่ 5 วันนี้น่าจะมีอยู่ประมาณสัก 4 เรื่องใหญ่ๆที่ที่เราจะพูดคุยกันนะครับเรื่องแรกนะครับก็คือเรื่องของการรับนักเรียนนะครับของปีการศึกษา 2560 4 ก็อยากถือโอกาสสื่อสารไปยังท่านผู้อำนวยการสำนักงานเขตโดยเฉพาะเขตมัธยมศึกษาที่มีโรงเรียนแข่งขันสูงนะครับเรื่องการรับม 1 กับเรื่องการรับม 4 นะครับคิดว่า 2 ระดับนี้น่าจะกระทบในเรื่องของการสอบเข้านะครับก็ขอสื่อสารว่าวันนี้ผู้ปกครองนักเรียนมีความห่วงใยกลัวลูกจะสอบเข้าเรียนไม่ได้และก็เกรงว่าจะไม่ได้รับความเป็นธรรมจากการดำเนินการสอบที่โรงเรียนนี้เปิดเรียนเปิดสอนแตกต่างกันก็ขอสื่อสารไปว่าอยากจะให้ท่านผู้อำนวยการสำนักงานเขตได้ทำความเข้าใจกับทางผอโรงเรียนในการที่จะทำแบบทดสอบวัดความรู้เพื่อการแข่งขันเข้าเรียนในการเข้ามอ 1 นะครับหากเป็นไปได้นะครับในเชิงนโยบายก็อยากให้ออกเนื้อหาในส่วนที่มันเป็นเนื้อหาในช่วงชั้นข้อสอบม 1 เข้าเรียนม 1 ก็ควรจะเป็นข้อสอบที่เป็นระดับป 4-ป 5 หรือเปล่า', '2021-02-04 18:48:19', 1, '4เรื่องพูดคุยเรื่องเรื่องนักเรียนปีการศึกษา25604ถือโอกาสสื่อสารท่านผู้อำนวยการสำนักงานเขตโดยเฉพาะเขตมัธยมศึกษาโรงเรียนแข่งขันเรื่องการม1เรื่องการม42ระดับกระทบเรื่องสอบสื่อสารผู้ปกครองนักเรียนความห่วงใยกลัวลูกสอบเข้าเรียนไม่ได้');
INSERT INTO `google_speech` VALUES (2, '2.wav', 'พื้นที่การศึกษาประถมและมัธยมท่านรองและก็ตลอดจนเจ้าหน้าที่ผู้มีส่วนเกี่ยวข้องนะครับวันนี้ก็เป็นอีกวันหนึ่งซึ่งผมถือว่าเป็นโอกาสที่จะได้ทำความเข้าใจหรือชี้แจงถึงข้อราชการและแนวปฏิบัตินะครับในส่วนที่จะต้องดำเนินงานร่วมกันระหว่างสพฐกับเขตพื้นที่ 5 วันนี้น่าจะมีอยู่ประมาณสัก 4 เรื่องใหญ่ๆที่ที่เราจะพูดคุยกันนะครับเรื่องแรกนะครับก็คือเรื่องของการรับนักเรียนนะครับของปีการศึกษา 2560 4 ก็อยากถือโอกาสสื่อสารไปยังท่านผู้อำนวยการสำนักงานเขตโดยเฉพาะเขตมัธยมศึกษาที่มีโรงเรียนแข่งขันสูงนะครับเรื่องการรับม 1 กับเรื่องการรับม 4 นะครับคิดว่า 2 ระดับนี้น่าจะกระทบในเรื่องของการสอบเข้านะครับก็ขอสื่อสารว่าวันนี้ผู้ปกครองนักเรียนมีความห่วงใยกลัวลูกจะสอบเข้าเรียนไม่ได้และก็เกรงว่าจะไม่ได้รับความเป็นธรรมจากการดำเนินการสอบที่โรงเรียนนี้เปิดเรียนเปิดสอนแตกต่างกันก็ขอสื่อสารไปว่าอยากจะให้ท่านผู้อำนวยการสำนักงานเขตได้ทำความเข้าใจกับทางผอโรงเรียนในการที่จะทำแบบทดสอบวัดความรู้เพื่อการแข่งขันเข้าเรียนในการเข้ามอ 1 นะครับหากเป็นไปได้นะครับในเชิงนโยบายก็อยากให้ออกเนื้อหาในส่วนที่มันเป็นเนื้อหาในช่วงชั้นข้อสอบม 1 เข้าเรียนม 1 ก็ควรจะเป็นข้อสอบที่เป็นระดับป 4-ป 5 หรือเปล่า', '2021-02-04 18:48:58', 1, '4เรื่องพูดคุยเรื่องเรื่องนักเรียนปีการศึกษา25604ถือโอกาสสื่อสารท่านผู้อำนวยการสำนักงานเขตโดยเฉพาะเขตมัธยมศึกษาโรงเรียนแข่งขันเรื่องการม1เรื่องการม42ระดับกระทบเรื่องสอบสื่อสารผู้ปกครองนักเรียนความห่วงใยกลัวลูกสอบเข้าเรียนไม่ได้');
INSERT INTO `google_speech` VALUES (3, '2.wav', 'พื้นที่การศึกษาประถมและมัธยมท่านรองและก็ตลอดจนเจ้าหน้าที่ผู้มีส่วนเกี่ยวข้องนะครับวันนี้ก็เป็นอีกวันหนึ่งซึ่งผมถือว่าเป็นโอกาสที่จะได้ทำความเข้าใจหรือชี้แจงถึงข้อราชการและแนวปฏิบัตินะครับในส่วนที่จะต้องดำเนินงานร่วมกันระหว่างสพฐกับเขตพื้นที่ 5 วันนี้น่าจะมีอยู่ประมาณสัก 4 เรื่องใหญ่ๆที่ที่เราจะพูดคุยกันนะครับเรื่องแรกนะครับก็คือเรื่องของการรับนักเรียนนะครับของปีการศึกษา 2560 4 ก็อยากถือโอกาสสื่อสารไปยังท่านผู้อำนวยการสำนักงานเขตโดยเฉพาะเขตมัธยมศึกษาที่มีโรงเรียนแข่งขันสูงนะครับเรื่องการรับม 1 กับเรื่องการรับม 4 นะครับคิดว่า 2 ระดับนี้น่าจะกระทบในเรื่องของการสอบเข้านะครับก็ขอสื่อสารว่าวันนี้ผู้ปกครองนักเรียนมีความห่วงใยกลัวลูกจะสอบเข้าเรียนไม่ได้และก็เกรงว่าจะไม่ได้รับความเป็นธรรมจากการดำเนินการสอบที่โรงเรียนนี้เปิดเรียนเปิดสอนแตกต่างกันก็ขอสื่อสารไปว่าอยากจะให้ท่านผู้อำนวยการสำนักงานเขตได้ทำความเข้าใจกับทางผอโรงเรียนในการที่จะทำแบบทดสอบวัดความรู้เพื่อการแข่งขันเข้าเรียนในการเข้ามอ 1 นะครับหากเป็นไปได้นะครับในเชิงนโยบายก็อยากให้ออกเนื้อหาในส่วนที่มันเป็นเนื้อหาในช่วงชั้นข้อสอบม 1 เข้าเรียนม 1 ก็ควรจะเป็นข้อสอบที่เป็นระดับป 4-ป 5 หรือเปล่า', '2021-02-04 18:49:01', 1, '4เรื่องพูดคุยเรื่องเรื่องนักเรียนปีการศึกษา25604ถือโอกาสสื่อสารท่านผู้อำนวยการสำนักงานเขตโดยเฉพาะเขตมัธยมศึกษาโรงเรียนแข่งขันเรื่องการม1เรื่องการม42ระดับกระทบเรื่องสอบสื่อสารผู้ปกครองนักเรียนความห่วงใยกลัวลูกสอบเข้าเรียนไม่ได้');
INSERT INTO `google_speech` VALUES (4, '2.wav', 'พื้นที่การศึกษาประถมและมัธยมท่านรองและก็ตลอดจนเจ้าหน้าที่ผู้มีส่วนเกี่ยวข้องนะครับวันนี้ก็เป็นอีกวันหนึ่งซึ่งผมถือว่าเป็นโอกาสที่จะได้ทำความเข้าใจหรือชี้แจงถึงข้อราชการและแนวปฏิบัตินะครับในส่วนที่จะต้องดำเนินงานร่วมกันระหว่างสพฐกับเขตพื้นที่ 5 วันนี้น่าจะมีอยู่ประมาณสัก 4 เรื่องใหญ่ๆที่ที่เราจะพูดคุยกันนะครับเรื่องแรกนะครับก็คือเรื่องของการรับนักเรียนนะครับของปีการศึกษา 2560 4 ก็อยากถือโอกาสสื่อสารไปยังท่านผู้อำนวยการสำนักงานเขตโดยเฉพาะเขตมัธยมศึกษาที่มีโรงเรียนแข่งขันสูงนะครับเรื่องการรับม 1 กับเรื่องการรับม 4 นะครับคิดว่า 2 ระดับนี้น่าจะกระทบในเรื่องของการสอบเข้านะครับก็ขอสื่อสารว่าวันนี้ผู้ปกครองนักเรียนมีความห่วงใยกลัวลูกจะสอบเข้าเรียนไม่ได้และก็เกรงว่าจะไม่ได้รับความเป็นธรรมจากการดำเนินการสอบที่โรงเรียนนี้เปิดเรียนเปิดสอนแตกต่างกันก็ขอสื่อสารไปว่าอยากจะให้ท่านผู้อำนวยการสำนักงานเขตได้ทำความเข้าใจกับทางผอโรงเรียนในการที่จะทำแบบทดสอบวัดความรู้เพื่อการแข่งขันเข้าเรียนในการเข้ามอ 1 นะครับหากเป็นไปได้นะครับในเชิงนโยบายก็อยากให้ออกเนื้อหาในส่วนที่มันเป็นเนื้อหาในช่วงชั้นข้อสอบม 1 เข้าเรียนม 1 ก็ควรจะเป็นข้อสอบที่เป็นระดับป 4-ป 5 หรือเปล่า', '2021-02-04 18:50:02', 1, '4เรื่องพูดคุยเรื่องเรื่องนักเรียนปีการศึกษา25604ถือโอกาสสื่อสารท่านผู้อำนวยการสำนักงานเขตโดยเฉพาะเขตมัธยมศึกษาโรงเรียนแข่งขันเรื่องการม1เรื่องการม42ระดับกระทบเรื่องสอบสื่อสารผู้ปกครองนักเรียนความห่วงใยกลัวลูกสอบเข้าเรียนไม่ได้');
INSERT INTO `google_speech` VALUES (5, '2.wav', 'พื้นที่การศึกษาประถมและมัธยมท่านรองและก็ตลอดจนเจ้าหน้าที่ผู้มีส่วนเกี่ยวข้องนะครับวันนี้ก็เป็นอีกวันหนึ่งซึ่งผมถือว่าเป็นโอกาสที่จะได้ทำความเข้าใจหรือชี้แจงถึงข้อราชการและแนวปฏิบัตินะครับในส่วนที่จะต้องดำเนินงานร่วมกันระหว่างสพฐกับเขตพื้นที่ 5 วันนี้น่าจะมีอยู่ประมาณสัก 4 เรื่องใหญ่ๆที่ที่เราจะพูดคุยกันนะครับเรื่องแรกนะครับก็คือเรื่องของการรับนักเรียนนะครับของปีการศึกษา 2560 4 ก็อยากถือโอกาสสื่อสารไปยังท่านผู้อำนวยการสำนักงานเขตโดยเฉพาะเขตมัธยมศึกษาที่มีโรงเรียนแข่งขันสูงนะครับเรื่องการรับม 1 กับเรื่องการรับม 4 นะครับคิดว่า 2 ระดับนี้น่าจะกระทบในเรื่องของการสอบเข้านะครับก็ขอสื่อสารว่าวันนี้ผู้ปกครองนักเรียนมีความห่วงใยกลัวลูกจะสอบเข้าเรียนไม่ได้และก็เกรงว่าจะไม่ได้รับความเป็นธรรมจากการดำเนินการสอบที่โรงเรียนนี้เปิดเรียนเปิดสอนแตกต่างกันก็ขอสื่อสารไปว่าอยากจะให้ท่านผู้อำนวยการสำนักงานเขตได้ทำความเข้าใจกับทางผอโรงเรียนในการที่จะทำแบบทดสอบวัดความรู้เพื่อการแข่งขันเข้าเรียนในการเข้ามอ 1 นะครับหากเป็นไปได้นะครับในเชิงนโยบายก็อยากให้ออกเนื้อหาในส่วนที่มันเป็นเนื้อหาในช่วงชั้นข้อสอบม 1 เข้าเรียนม 1 ก็ควรจะเป็นข้อสอบที่เป็นระดับป 4-ป 5 หรือเปล่า', '2021-02-04 18:50:49', 1, '4เรื่องพูดคุยเรื่องเรื่องนักเรียนปีการศึกษา25604ถือโอกาสสื่อสารท่านผู้อำนวยการสำนักงานเขตโดยเฉพาะเขตมัธยมศึกษาโรงเรียนแข่งขันเรื่องการม1เรื่องการม42ระดับกระทบเรื่องสอบสื่อสารผู้ปกครองนักเรียนความห่วงใยกลัวลูกสอบเข้าเรียนไม่ได้');
INSERT INTO `google_speech` VALUES (6, '2.wav', 'พื้นที่การศึกษาประถมและมัธยมท่านรองและก็ตลอดจนเจ้าหน้าที่ผู้มีส่วนเกี่ยวข้องนะครับวันนี้ก็เป็นอีกวันหนึ่งซึ่งผมถือว่าเป็นโอกาสที่จะได้ทำความเข้าใจหรือชี้แจงถึงข้อราชการและแนวปฏิบัตินะครับในส่วนที่จะต้องดำเนินงานร่วมกันระหว่างสพฐกับเขตพื้นที่ 5 วันนี้น่าจะมีอยู่ประมาณสัก 4 เรื่องใหญ่ๆที่ที่เราจะพูดคุยกันนะครับเรื่องแรกนะครับก็คือเรื่องของการรับนักเรียนนะครับของปีการศึกษา 2560 4 ก็อยากถือโอกาสสื่อสารไปยังท่านผู้อำนวยการสำนักงานเขตโดยเฉพาะเขตมัธยมศึกษาที่มีโรงเรียนแข่งขันสูงนะครับเรื่องการรับม 1 กับเรื่องการรับม 4 นะครับคิดว่า 2 ระดับนี้น่าจะกระทบในเรื่องของการสอบเข้านะครับก็ขอสื่อสารว่าวันนี้ผู้ปกครองนักเรียนมีความห่วงใยกลัวลูกจะสอบเข้าเรียนไม่ได้และก็เกรงว่าจะไม่ได้รับความเป็นธรรมจากการดำเนินการสอบที่โรงเรียนนี้เปิดเรียนเปิดสอนแตกต่างกันก็ขอสื่อสารไปว่าอยากจะให้ท่านผู้อำนวยการสำนักงานเขตได้ทำความเข้าใจกับทางผอโรงเรียนในการที่จะทำแบบทดสอบวัดความรู้เพื่อการแข่งขันเข้าเรียนในการเข้ามอ 1 นะครับหากเป็นไปได้นะครับในเชิงนโยบายก็อยากให้ออกเนื้อหาในส่วนที่มันเป็นเนื้อหาในช่วงชั้นข้อสอบม 1 เข้าเรียนม 1 ก็ควรจะเป็นข้อสอบที่เป็นระดับป 4-ป 5 หรือเปล่า', '2021-02-04 18:51:50', 1, '4เรื่องพูดคุยเรื่องเรื่องนักเรียนปีการศึกษา25604ถือโอกาสสื่อสารท่านผู้อำนวยการสำนักงานเขตโดยเฉพาะเขตมัธยมศึกษาโรงเรียนแข่งขันเรื่องการม1เรื่องการม42ระดับกระทบเรื่องสอบสื่อสารผู้ปกครองนักเรียนความห่วงใยกลัวลูกสอบเข้าเรียนไม่ได้');
INSERT INTO `google_speech` VALUES (7, '2.wav', 'พื้นที่การศึกษาประถมและมัธยมท่านรองและก็ตลอดจนเจ้าหน้าที่ผู้มีส่วนเกี่ยวข้องนะครับวันนี้ก็เป็นอีกวันหนึ่งซึ่งผมถือว่าเป็นโอกาสที่จะได้ทำความเข้าใจหรือชี้แจงถึงข้อราชการและแนวปฏิบัตินะครับในส่วนที่จะต้องดำเนินงานร่วมกันระหว่างสพฐกับเขตพื้นที่ 5 วันนี้น่าจะมีอยู่ประมาณสัก 4 เรื่องใหญ่ๆที่ที่เราจะพูดคุยกันนะครับเรื่องแรกนะครับก็คือเรื่องของการรับนักเรียนนะครับของปีการศึกษา 2560 4 ก็อยากถือโอกาสสื่อสารไปยังท่านผู้อำนวยการสำนักงานเขตโดยเฉพาะเขตมัธยมศึกษาที่มีโรงเรียนแข่งขันสูงนะครับเรื่องการรับม 1 กับเรื่องการรับม 4 นะครับคิดว่า 2 ระดับนี้น่าจะกระทบในเรื่องของการสอบเข้านะครับก็ขอสื่อสารว่าวันนี้ผู้ปกครองนักเรียนมีความห่วงใยกลัวลูกจะสอบเข้าเรียนไม่ได้และก็เกรงว่าจะไม่ได้รับความเป็นธรรมจากการดำเนินการสอบที่โรงเรียนนี้เปิดเรียนเปิดสอนแตกต่างกันก็ขอสื่อสารไปว่าอยากจะให้ท่านผู้อำนวยการสำนักงานเขตได้ทำความเข้าใจกับทางผอโรงเรียนในการที่จะทำแบบทดสอบวัดความรู้เพื่อการแข่งขันเข้าเรียนในการเข้ามอ 1 นะครับหากเป็นไปได้นะครับในเชิงนโยบายก็อยากให้ออกเนื้อหาในส่วนที่มันเป็นเนื้อหาในช่วงชั้นข้อสอบม 1 เข้าเรียนม 1 ก็ควรจะเป็นข้อสอบที่เป็นระดับป 4-ป 5 หรือเปล่า', '2021-02-04 18:51:55', 1, '4เรื่องพูดคุยเรื่องเรื่องนักเรียนปีการศึกษา25604ถือโอกาสสื่อสารท่านผู้อำนวยการสำนักงานเขตโดยเฉพาะเขตมัธยมศึกษาโรงเรียนแข่งขันเรื่องการม1เรื่องการม42ระดับกระทบเรื่องสอบสื่อสารผู้ปกครองนักเรียนความห่วงใยกลัวลูกสอบเข้าเรียนไม่ได้');
INSERT INTO `google_speech` VALUES (8, '2.wav', 'พื้นที่การศึกษาประถมและมัธยมท่านรองและก็ตลอดจนเจ้าหน้าที่ผู้มีส่วนเกี่ยวข้องนะครับวันนี้ก็เป็นอีกวันหนึ่งซึ่งผมถือว่าเป็นโอกาสที่จะได้ทำความเข้าใจหรือชี้แจงถึงข้อราชการและแนวปฏิบัตินะครับในส่วนที่จะต้องดำเนินงานร่วมกันระหว่างสพฐกับเขตพื้นที่ 5 วันนี้น่าจะมีอยู่ประมาณสัก 4 เรื่องใหญ่ๆที่ที่เราจะพูดคุยกันนะครับเรื่องแรกนะครับก็คือเรื่องของการรับนักเรียนนะครับของปีการศึกษา 2560 4 ก็อยากถือโอกาสสื่อสารไปยังท่านผู้อำนวยการสำนักงานเขตโดยเฉพาะเขตมัธยมศึกษาที่มีโรงเรียนแข่งขันสูงนะครับเรื่องการรับม 1 กับเรื่องการรับม 4 นะครับคิดว่า 2 ระดับนี้น่าจะกระทบในเรื่องของการสอบเข้านะครับก็ขอสื่อสารว่าวันนี้ผู้ปกครองนักเรียนมีความห่วงใยกลัวลูกจะสอบเข้าเรียนไม่ได้และก็เกรงว่าจะไม่ได้รับความเป็นธรรมจากการดำเนินการสอบที่โรงเรียนนี้เปิดเรียนเปิดสอนแตกต่างกันก็ขอสื่อสารไปว่าอยากจะให้ท่านผู้อำนวยการสำนักงานเขตได้ทำความเข้าใจกับทางผอโรงเรียนในการที่จะทำแบบทดสอบวัดความรู้เพื่อการแข่งขันเข้าเรียนในการเข้ามอ 1 นะครับหากเป็นไปได้นะครับในเชิงนโยบายก็อยากให้ออกเนื้อหาในส่วนที่มันเป็นเนื้อหาในช่วงชั้นข้อสอบม 1 เข้าเรียนม 1 ก็ควรจะเป็นข้อสอบที่เป็นระดับป 4-ป 5 หรือเปล่า', '2021-02-04 18:59:32', 1, '4เรื่องพูดคุยเรื่องเรื่องนักเรียนปีการศึกษา25604ถือโอกาสสื่อสารท่านผู้อำนวยการสำนักงานเขตโดยเฉพาะเขตมัธยมศึกษาโรงเรียนแข่งขันเรื่องการม1เรื่องการม42ระดับกระทบเรื่องสอบสื่อสารผู้ปกครองนักเรียนความห่วงใยกลัวลูกสอบเข้าเรียนไม่ได้');
INSERT INTO `google_speech` VALUES (9, '2.wav', 'พื้นที่การศึกษาประถมและมัธยมท่านรองและก็ตลอดจนเจ้าหน้าที่ผู้มีส่วนเกี่ยวข้องนะครับวันนี้ก็เป็นอีกวันหนึ่งซึ่งผมถือว่าเป็นโอกาสที่จะได้ทำความเข้าใจหรือชี้แจงถึงข้อราชการและแนวปฏิบัตินะครับในส่วนที่จะต้องดำเนินงานร่วมกันระหว่างสพฐกับเขตพื้นที่ 5 วันนี้น่าจะมีอยู่ประมาณสัก 4 เรื่องใหญ่ๆที่ที่เราจะพูดคุยกันนะครับเรื่องแรกนะครับก็คือเรื่องของการรับนักเรียนนะครับของปีการศึกษา 2560 4 ก็อยากถือโอกาสสื่อสารไปยังท่านผู้อำนวยการสำนักงานเขตโดยเฉพาะเขตมัธยมศึกษาที่มีโรงเรียนแข่งขันสูงนะครับเรื่องการรับม 1 กับเรื่องการรับม 4 นะครับคิดว่า 2 ระดับนี้น่าจะกระทบในเรื่องของการสอบเข้านะครับก็ขอสื่อสารว่าวันนี้ผู้ปกครองนักเรียนมีความห่วงใยกลัวลูกจะสอบเข้าเรียนไม่ได้และก็เกรงว่าจะไม่ได้รับความเป็นธรรมจากการดำเนินการสอบที่โรงเรียนนี้เปิดเรียนเปิดสอนแตกต่างกันก็ขอสื่อสารไปว่าอยากจะให้ท่านผู้อำนวยการสำนักงานเขตได้ทำความเข้าใจกับทางผอโรงเรียนในการที่จะทำแบบทดสอบวัดความรู้เพื่อการแข่งขันเข้าเรียนในการเข้ามอ 1 นะครับหากเป็นไปได้นะครับในเชิงนโยบายก็อยากให้ออกเนื้อหาในส่วนที่มันเป็นเนื้อหาในช่วงชั้นข้อสอบม 1 เข้าเรียนม 1 ก็ควรจะเป็นข้อสอบที่เป็นระดับป 4-ป 5 หรือเปล่า', '2021-02-04 19:04:12', 2, '4เรื่องพูดคุยเรื่องเรื่องนักเรียนปีการศึกษา25604ถือโอกาสสื่อสารท่านผู้อำนวยการสำนักงานเขตโดยเฉพาะเขตมัธยมศึกษาโรงเรียนแข่งขันเรื่องการม1เรื่องการม42ระดับกระทบเรื่องสอบสื่อสารผู้ปกครองนักเรียนความห่วงใยกลัวลูกสอบเข้าเรียนไม่ได้');
INSERT INTO `google_speech` VALUES (10, '2.wav', 'พื้นที่การศึกษาประถมและมัธยมท่านรองและก็ตลอดจนเจ้าหน้าที่ผู้มีส่วนเกี่ยวข้องนะครับวันนี้ก็เป็นอีกวันหนึ่งซึ่งผมถือว่าเป็นโอกาสที่จะได้ทำความเข้าใจหรือชี้แจงถึงข้อราชการและแนวปฏิบัตินะครับในส่วนที่จะต้องดำเนินงานร่วมกันระหว่างสพฐกับเขตพื้นที่ 5 วันนี้น่าจะมีอยู่ประมาณสัก 4 เรื่องใหญ่ๆที่ที่เราจะพูดคุยกันนะครับเรื่องแรกนะครับก็คือเรื่องของการรับนักเรียนนะครับของปีการศึกษา 2560 4 ก็อยากถือโอกาสสื่อสารไปยังท่านผู้อำนวยการสำนักงานเขตโดยเฉพาะเขตมัธยมศึกษาที่มีโรงเรียนแข่งขันสูงนะครับเรื่องการรับม 1 กับเรื่องการรับม 4 นะครับคิดว่า 2 ระดับนี้น่าจะกระทบในเรื่องของการสอบเข้านะครับก็ขอสื่อสารว่าวันนี้ผู้ปกครองนักเรียนมีความห่วงใยกลัวลูกจะสอบเข้าเรียนไม่ได้และก็เกรงว่าจะไม่ได้รับความเป็นธรรมจากการดำเนินการสอบที่โรงเรียนนี้เปิดเรียนเปิดสอนแตกต่างกันก็ขอสื่อสารไปว่าอยากจะให้ท่านผู้อำนวยการสำนักงานเขตได้ทำความเข้าใจกับทางผอโรงเรียนในการที่จะทำแบบทดสอบวัดความรู้เพื่อการแข่งขันเข้าเรียนในการเข้ามอ 1 นะครับหากเป็นไปได้นะครับในเชิงนโยบายก็อยากให้ออกเนื้อหาในส่วนที่มันเป็นเนื้อหาในช่วงชั้นข้อสอบม 1 เข้าเรียนม 1 ก็ควรจะเป็นข้อสอบที่เป็นระดับป 4-ป 5 หรือเปล่า', '2021-02-04 19:17:10', 3, '4เรื่องพูดคุยเรื่องเรื่องนักเรียนปีการศึกษา25604ถือโอกาสสื่อสารท่านผู้อำนวยการสำนักงานเขตโดยเฉพาะเขตมัธยมศึกษาโรงเรียนแข่งขันเรื่องการม1เรื่องการม42ระดับกระทบเรื่องสอบสื่อสารผู้ปกครองนักเรียนความห่วงใยกลัวลูกสอบเข้าเรียนไม่ได้');
INSERT INTO `google_speech` VALUES (11, '2.wav', 'พื้นที่การศึกษาประถมและมัธยมท่านรองและก็ตลอดจนเจ้าหน้าที่ผู้มีส่วนเกี่ยวข้องนะครับวันนี้ก็เป็นอีกวันหนึ่งซึ่งผมถือว่าเป็นโอกาสที่จะได้ทำความเข้าใจหรือชี้แจงถึงข้อราชการและแนวปฏิบัตินะครับในส่วนที่จะต้องดำเนินงานร่วมกันระหว่างสพฐกับเขตพื้นที่ 5 วันนี้น่าจะมีอยู่ประมาณสัก 4 เรื่องใหญ่ๆที่ที่เราจะพูดคุยกันนะครับเรื่องแรกนะครับก็คือเรื่องของการรับนักเรียนนะครับของปีการศึกษา 2560 4 ก็อยากถือโอกาสสื่อสารไปยังท่านผู้อำนวยการสำนักงานเขตโดยเฉพาะเขตมัธยมศึกษาที่มีโรงเรียนแข่งขันสูงนะครับเรื่องการรับม 1 กับเรื่องการรับม 4 นะครับคิดว่า 2 ระดับนี้น่าจะกระทบในเรื่องของการสอบเข้านะครับก็ขอสื่อสารว่าวันนี้ผู้ปกครองนักเรียนมีความห่วงใยกลัวลูกจะสอบเข้าเรียนไม่ได้และก็เกรงว่าจะไม่ได้รับความเป็นธรรมจากการดำเนินการสอบที่โรงเรียนนี้เปิดเรียนเปิดสอนแตกต่างกันก็ขอสื่อสารไปว่าอยากจะให้ท่านผู้อำนวยการสำนักงานเขตได้ทำความเข้าใจกับทางผอโรงเรียนในการที่จะทำแบบทดสอบวัดความรู้เพื่อการแข่งขันเข้าเรียนในการเข้ามอ 1 นะครับหากเป็นไปได้นะครับในเชิงนโยบายก็อยากให้ออกเนื้อหาในส่วนที่มันเป็นเนื้อหาในช่วงชั้นข้อสอบม 1 เข้าเรียนม 1 ก็ควรจะเป็นข้อสอบที่เป็นระดับป 4-ป 5 หรือเปล่า', '2021-02-04 20:07:21', 4, '4เรื่องพูดคุยเรื่องเรื่องนักเรียนปีการศึกษา25604ถือโอกาสสื่อสารท่านผู้อำนวยการสำนักงานเขตโดยเฉพาะเขตมัธยมศึกษาโรงเรียนแข่งขันเรื่องการม1เรื่องการม42ระดับกระทบเรื่องสอบสื่อสารผู้ปกครองนักเรียนความห่วงใยกลัวลูกสอบเข้าเรียนไม่ได้');
INSERT INTO `google_speech` VALUES (12, '2.wav', 'คิดว่า 2 ระดับนี้น่าจะกระทบในเรื่องของการสอบเข้านะครับก็ขอสื่อสารว่าวันนี้ผู้ปกครองนักเรียนมีความห่วงใยกลัวลูกจะสอบเข้าเรียนไม่ได้และก็เกรงว่าจะไม่ได้รับความเป็นธรรมจากการดำเนินการสอบที่โรงเรียนนี้เปิดเรียนเปิดสอนแตกต่างกันก็ขอสื่อสารไปว่าอยากจะให้ท่านผู้อำนวยการสำนักงานเขตได้ทำความเข้าใจกับทางผอโรงเรียนในการที่จะทำแบบทดสอบวัดความรู้เพื่อการแข่งขันเข้าเรียนในการเข้ามอ 1 นะครับหากเป็นไปได้นะครับในเชิงนโยบายก็อยากให้ออกเนื้อหาในส่วนที่มันเป็นเนื้อหาในช่วงชั้นข้อสอบม 1 เข้าเรียนม 1 ก็ควรจะเป็นข้อสอบที่เป็นระดับป 4-ป 5 หรือเปล่า', '2021-02-05 01:15:35', 25, '2ระดับกระทบเรื่องสอบสื่อสารผู้ปกครองนักเรียนความห่วงใยกลัวลูกสอบเข้าเรียนไม่ได้เกรงว่าจะไม่ได้รับความเป็นธรรมดำเนินการสอบโรงเรียนเปิดเรียนสอนแตกต่างสื่อสารอยากจะมอ1เป็นไปได้เชิงนโยบายอยากให้เนื้อหาเนื้อหาช่วงชั้นข้อสอบม1');
INSERT INTO `google_speech` VALUES (13, '2.wav', 'พื้นที่การศึกษาประถมและมัธยมท่านรองและก็ตลอดจนเจ้าหน้าที่ผู้มีส่วนเกี่ยวข้องนะครับวันนี้ก็เป็นอีกวันหนึ่งซึ่งผมถือว่าเป็นโอกาสที่จะได้ทำความเข้าใจหรือชี้แจงถึงข้อราชการและแนวปฏิบัตินะครับในส่วนที่จะต้องดำเนินงานร่วมกันระหว่างสพฐกับเขตพื้นที่ 5 วันนี้น่าจะมีอยู่ประมาณสัก 4 เรื่องใหญ่ๆที่ที่เราจะพูดคุยกันนะครับเรื่องแรกนะครับก็คือเรื่องของการรับนักเรียนนะครับของปีการศึกษา 2560 4 ก็อยากถือโอกาสสื่อสารไปยังท่านผู้อำนวยการสำนักงานเขตโดยเฉพาะเขตมัธยมศึกษาที่มีโรงเรียนแข่งขันสูงนะครับเรื่องการรับม 1 กับเรื่องการรับม 4 นะครับคิดว่า 2 ระดับนี้น่าจะกระทบในเรื่องของการสอบเข้านะครับก็ขอสื่อสารว่าวันนี้ผู้ปกครองนักเรียนมีความห่วงใยกลัวลูกจะสอบเข้าเรียนไม่ได้และก็เกรงว่าจะไม่ได้รับความเป็นธรรมจากการดำเนินการสอบที่โรงเรียนนี้เปิดเรียนเปิดสอนแตกต่างกันก็ขอสื่อสารไปว่าอยากจะให้ท่านผู้อำนวยการสำนักงานเขตได้ทำความเข้าใจกับทางผอโรงเรียนในการที่จะทำแบบทดสอบวัดความรู้เพื่อการแข่งขันเข้าเรียนในการเข้ามอ 1 นะครับหากเป็นไปได้นะครับในเชิงนโยบายก็อยากให้ออกเนื้อหาในส่วนที่มันเป็นเนื้อหาในช่วงชั้นข้อสอบม 1 เข้าเรียนม 1 ก็ควรจะเป็นข้อสอบที่เป็นระดับป 4-ป 5 หรือเปล่า', '2021-02-05 09:22:47', 32, '4เรื่องพูดคุยเรื่องเรื่องนักเรียนปีการศึกษา25604ถือโอกาสสื่อสารท่านผู้อำนวยการสำนักงานเขตโดยเฉพาะเขตมัธยมศึกษาโรงเรียนแข่งขันเรื่องการม1เรื่องการม42ระดับกระทบเรื่องสอบสื่อสารผู้ปกครองนักเรียนความห่วงใยกลัวลูกสอบเข้าเรียนไม่ได้');
INSERT INTO `google_speech` VALUES (14, '2.wav', 'พื้นที่การศึกษาประถมและมัธยมท่านรองและก็ตลอดจนเจ้าหน้าที่ผู้มีส่วนเกี่ยวข้องนะครับวันนี้ก็เป็นอีกวันหนึ่งซึ่งผมถือว่าเป็นโอกาสที่จะได้ทำความเข้าใจหรือชี้แจงถึงข้อราชการและแนวปฏิบัตินะครับในส่วนที่จะต้องดำเนินงานร่วมกันระหว่างสพฐกับเขตพื้นที่ 5 วันนี้น่าจะมีอยู่ประมาณสัก 4 เรื่องใหญ่ๆที่ที่เราจะพูดคุยกันนะครับเรื่องแรกนะครับก็คือเรื่องของการรับนักเรียนนะครับของปีการศึกษา 2560 4 ก็อยากถือโอกาสสื่อสารไปยังท่านผู้อำนวยการสำนักงานเขตโดยเฉพาะเขตมัธยมศึกษาที่มีโรงเรียนแข่งขันสูงนะครับเรื่องการรับม 1 กับเรื่องการรับม 4 นะครับคิดว่า 2 ระดับนี้น่าจะกระทบในเรื่องของการสอบเข้านะครับก็ขอสื่อสารว่าวันนี้ผู้ปกครองนักเรียนมีความห่วงใยกลัวลูกจะสอบเข้าเรียนไม่ได้และก็เกรงว่าจะไม่ได้รับความเป็นธรรมจากการดำเนินการสอบที่โรงเรียนนี้เปิดเรียนเปิดสอนแตกต่างกันก็ขอสื่อสารไปว่าอยากจะให้ท่านผู้อำนวยการสำนักงานเขตได้ทำความเข้าใจกับทางผอโรงเรียนในการที่จะทำแบบทดสอบวัดความรู้เพื่อการแข่งขันเข้าเรียนในการเข้ามอ 1 นะครับหากเป็นไปได้นะครับในเชิงนโยบายก็อยากให้ออกเนื้อหาในส่วนที่มันเป็นเนื้อหาในช่วงชั้นข้อสอบม 1 เข้าเรียนม 1 ก็ควรจะเป็นข้อสอบที่เป็นระดับป 4-ป 5 หรือเปล่า', '2021-02-05 09:49:48', 26, '4เรื่องพูดคุยเรื่องเรื่องนักเรียนปีการศึกษา25604ถือโอกาสสื่อสารท่านผู้อำนวยการสำนักงานเขตโดยเฉพาะเขตมัธยมศึกษาโรงเรียนแข่งขันเรื่องการม1เรื่องการม42ระดับกระทบเรื่องสอบสื่อสารผู้ปกครองนักเรียนความห่วงใยกลัวลูกสอบเข้าเรียนไม่ได้');
INSERT INTO `google_speech` VALUES (15, '2.wav', 'พื้นที่การศึกษาประถมและมัธยมท่านรองและก็ตลอดจนเจ้าหน้าที่ผู้มีส่วนเกี่ยวข้องนะครับวันนี้ก็เป็นอีกวันหนึ่งซึ่งผมถือว่าเป็นโอกาสที่จะได้ทำความเข้าใจหรือชี้แจงถึงข้อราชการและแนวปฏิบัตินะครับในส่วนที่จะต้องดำเนินงานร่วมกันระหว่างสพฐกับเขตพื้นที่ 5 วันนี้น่าจะมีอยู่ประมาณสัก 4 เรื่องใหญ่ๆที่ที่เราจะพูดคุยกันนะครับเรื่องแรกนะครับก็คือเรื่องของการรับนักเรียนนะครับของปีการศึกษา 2560 4 ก็อยากถือโอกาสสื่อสารไปยังท่านผู้อำนวยการสำนักงานเขตโดยเฉพาะเขตมัธยมศึกษาที่มีโรงเรียนแข่งขันสูงนะครับเรื่องการรับม 1 กับเรื่องการรับม 4 นะครับคิดว่า 2 ระดับนี้น่าจะกระทบในเรื่องของการสอบเข้านะครับก็ขอสื่อสารว่าวันนี้ผู้ปกครองนักเรียนมีความห่วงใยกลัวลูกจะสอบเข้าเรียนไม่ได้และก็เกรงว่าจะไม่ได้รับความเป็นธรรมจากการดำเนินการสอบที่โรงเรียนนี้เปิดเรียนเปิดสอนแตกต่างกันก็ขอสื่อสารไปว่าอยากจะให้ท่านผู้อำนวยการสำนักงานเขตได้ทำความเข้าใจกับทางผอโรงเรียนในการที่จะทำแบบทดสอบวัดความรู้เพื่อการแข่งขันเข้าเรียนในการเข้ามอ 1 นะครับหากเป็นไปได้นะครับในเชิงนโยบายก็อยากให้ออกเนื้อหาในส่วนที่มันเป็นเนื้อหาในช่วงชั้นข้อสอบม 1 เข้าเรียนม 1 ก็ควรจะเป็นข้อสอบที่เป็นระดับป 4-ป 5 หรือเปล่า', '2021-02-27 10:01:32', 27, '4เรื่องพูดคุยเรื่องเรื่องนักเรียนปีการศึกษา25604ถือโอกาสสื่อสารท่านผู้อำนวยการสำนักงานเขตโดยเฉพาะเขตมัธยมศึกษาโรงเรียนแข่งขันเรื่องการม1เรื่องการม42ระดับกระทบเรื่องสอบสื่อสารผู้ปกครองนักเรียนความห่วงใยกลัวลูกสอบเข้าเรียนไม่ได้');
INSERT INTO `google_speech` VALUES (16, '2.wav', 'พื้นที่การศึกษาประถมและมัธยมท่านรองและก็ตลอดจนเจ้าหน้าที่ผู้มีส่วนเกี่ยวข้องนะครับวันนี้ก็เป็นอีกวันหนึ่งซึ่งผมถือว่าเป็นโอกาสที่จะได้ทำความเข้าใจหรือชี้แจงถึงข้อราชการและแนวปฏิบัตินะครับในส่วนที่จะต้องดำเนินงานร่วมกันระหว่างสพฐกับเขตพื้นที่ 5 วันนี้น่าจะมีอยู่ประมาณสัก 4 เรื่องใหญ่ๆที่ที่เราจะพูดคุยกันนะครับเรื่องแรกนะครับก็คือเรื่องของการรับนักเรียนนะครับของปีการศึกษา 2560 4 ก็อยากถือโอกาสสื่อสารไปยังท่านผู้อำนวยการสำนักงานเขตโดยเฉพาะเขตมัธยมศึกษาที่มีโรงเรียนแข่งขันสูงนะครับเรื่องการรับม 1 กับเรื่องการรับม 4 นะครับคิดว่า 2 ระดับนี้น่าจะกระทบในเรื่องของการสอบเข้านะครับก็ขอสื่อสารว่าวันนี้ผู้ปกครองนักเรียนมีความห่วงใยกลัวลูกจะสอบเข้าเรียนไม่ได้และก็เกรงว่าจะไม่ได้รับความเป็นธรรมจากการดำเนินการสอบที่โรงเรียนนี้เปิดเรียนเปิดสอนแตกต่างกันก็ขอสื่อสารไปว่าอยากจะให้ท่านผู้อำนวยการสำนักงานเขตได้ทำความเข้าใจกับทางผอโรงเรียนในการที่จะทำแบบทดสอบวัดความรู้เพื่อการแข่งขันเข้าเรียนในการเข้ามอ 1 นะครับหากเป็นไปได้นะครับในเชิงนโยบายก็อยากให้ออกเนื้อหาในส่วนที่มันเป็นเนื้อหาในช่วงชั้นข้อสอบม 1 เข้าเรียนม 1 ก็ควรจะเป็นข้อสอบที่เป็นระดับป 4-ป 5 หรือเปล่า', '2021-02-27 10:12:47', 28, '4เรื่องพูดคุยเรื่องเรื่องนักเรียนปีการศึกษา25604ถือโอกาสสื่อสารท่านผู้อำนวยการสำนักงานเขตโดยเฉพาะเขตมัธยมศึกษาโรงเรียนแข่งขันเรื่องการม1เรื่องการม42ระดับกระทบเรื่องสอบสื่อสารผู้ปกครองนักเรียนความห่วงใยกลัวลูกสอบเข้าเรียนไม่ได้');

-- ----------------------------
-- Table structure for list_agenda
-- ----------------------------
DROP TABLE IF EXISTS `list_agenda`;
CREATE TABLE `list_agenda`  (
  `lagd_id` int(11) NOT NULL AUTO_INCREMENT,
  `lagd_order` text CHARACTER SET utf8 COLLATE utf8_general_ci NULL,
  `lagd_name` varchar(255) CHARACTER SET utf8 COLLATE utf8_general_ci NULL DEFAULT NULL,
  `lagd_details` text CHARACTER SET utf8 COLLATE utf8_general_ci NULL,
  `agd_id` int(11) NULL DEFAULT NULL,
  `meeting_id` int(11) NULL DEFAULT NULL,
  `lagd_status` tinyint(1) NULL DEFAULT NULL COMMENT 'มติที่ประชุม',
  `lagd_note` longtext CHARACTER SET utf8 COLLATE utf8_general_ci NULL COMMENT 'อื่นๆ ระบุ',
  PRIMARY KEY (`lagd_id`) USING BTREE
) ENGINE = InnoDB AUTO_INCREMENT = 69 CHARACTER SET = utf8 COLLATE = utf8_general_ci ROW_FORMAT = DYNAMIC;

-- ----------------------------
-- Records of list_agenda
-- ----------------------------
INSERT INTO `list_agenda` VALUES (1, '1.1', 'โครงการประกวดดาว เดือน คณะวิทยาศาสตร์', ' ', 1, 1, 1, ' ');
INSERT INTO `list_agenda` VALUES (2, '1.2', 'กำหนดปฏิทินการศึกษา ภาคปกติ ปีการศึกษา 2563 (ฉบับเปลี่ยนแปลง) ฉบับที่ 2', ' :มหาวิทยาลัยราชภัฏบุรีรัมย์ได้แจ้ง ร่างประกาศมหาวิทยาลัยราชภัฏบุรีรัมย์ เรื่อง การรับนักศึกษาเข้าศึกษาต่อในระดับปริญญาตรี รอบที่1 การรับด้วยแฟ้มสะสมผลงาน(portfolio)ประจำปีการศึกษา 2564\r\n โดยได้แจ้งรายละเอียดต่างๆ เช่น สาขาวิชาที่เปิดรับสมัคร คุณสมบัติของผู้สมัคร ข้อกำหนดสำหรับผู้สมัคร ขั้นตอนการสมัคร ระยะเวลาในการสมัคร  หลักฐานในการสมัคร รวมถึงวันสอบและวันประกาศผล เป็นต้น ', 1, 1, 1, ' :มหาวิทยาลัยราชภัฏบุรีรัมย์ได้แจ้ง ร่างประกาศมหาวิทยาลัยราชภัฏบุรีรัมย์ เรื่อง การรับนักศึกษาเข้าศึกษาต่อในระดับปริญญาตรี รอบที่1 การรับด้วยแฟ้มสะสมผลงาน(portfolio)ประจำปีการศึกษา 2564\r\n โดยได้แจ้งรายละเอียดต่างๆ เช่น สาขาวิชาที่เปิดรับสมัคร คุณสมบัติของผู้สมัคร ข้อกำหนดสำหรับผู้สมัคร ขั้นตอนการสมัคร ระยะเวลาในการสมัคร  หลักฐานในการสมัคร รวมถึงวันสอบและวันประกาศผล เป็นต้น ');
INSERT INTO `list_agenda` VALUES (3, '1.3', 'ความพึงพอใจของบัณฑิตในการจัดพิธีซ้อมรับพระราชทานปริญญาบัตร', ' ', 1, 1, 1, ' ');
INSERT INTO `list_agenda` VALUES (4, '2.1', 'รับรองรายงานการประชุมคณะกรรมการบริหารคณะวิทยาศาสตร์ สมัยสามัญ ครั้ง 1/2563', ' ', 2, 1, 1, '');
INSERT INTO `list_agenda` VALUES (5, '3.1', 'สรุปโครงการทางวิชาการ งานมหกรรมวิชาและวัฒนธรรมนานาชาติ BRICC ครั้งที่  4', ' ', 3, 1, 1, '');
INSERT INTO `list_agenda` VALUES (6, '3.2', 'ฉลอง 50 ปี มหาวิทยาลัยราชภัฏบุรีรัมย์', ' ', 3, 1, 1, '');
INSERT INTO `list_agenda` VALUES (7, 'ไม่มี', '', ' ', 4, 1, 1, '');
INSERT INTO `list_agenda` VALUES (8, 'ไม่มี', '', ' ', 5, 1, 0, '');
INSERT INTO `list_agenda` VALUES (9, '1.1', 'โครงการประกวดดาว เดือน คณะวิทยาศาสตร์', ' ', 1, 2, 1, ' ');
INSERT INTO `list_agenda` VALUES (10, '1.2', 'กำหนดปฏิทินการศึกษา ภาคปกติ ปีการศึกษา 2563 (ฉบับเปลี่ยนแปลง) ฉบับที่ 2', ' ', 1, 2, 1, ' ');
INSERT INTO `list_agenda` VALUES (11, '2.1', 'รับรองรายงานการประชุมคณะกรรมการบริหารคณะวิทยาศาสตร์ สมัยสามัญ ครั้ง 1/2563', ' ', 2, 2, 2, 'หน้าที่ 1 ผู้ไม่มาประชุม หมายเลข 6 \"ติดภารกิจ\"  แก้ไขเป็น \"ไปราชการ \"');
INSERT INTO `list_agenda` VALUES (12, '3.1', 'สรุปโครงการทางวิชาการ งานมหกรรมวิชาและวัฒนธรรมนานาชาติ BRICC ครั้งที่  4', ' ', 3, 2, 1, '');
INSERT INTO `list_agenda` VALUES (13, '3.2', 'ขอสั่งจองวัตถุมงคลครั้งประวัติศาสตร์แห่ง 2564', ' ', 3, 2, 1, '');
INSERT INTO `list_agenda` VALUES (14, 'ไม่มี', '', ' ', 4, 2, 1, '');
INSERT INTO `list_agenda` VALUES (15, 'ไม่มี', '', ' ', 5, 2, 0, '');
INSERT INTO `list_agenda` VALUES (16, '1.1', 'รายงานผลการทดสอบความรู้ ความสามารถทางภาษาอังกฤษโดยใช้ข้อสอบ BRU English Test สำหรับอาจารย์ บุคลากรสายสนับสนุ และนักศึกษา มหาวิทยาลัยราชภัฏบุรีรัมย์', ' สำนักงานศิลปะและวัฒนธรรมได้ทำการแจ้ง เรื่อง ร่างกำหนดการพิธีบำเพ็ธกุศลและกิจกรรม น้อมรำลึก เนื่องในวันคล้ายวันสวรรคตพระบาทสมเด็จพระบรมชนกาธิเศร มหาภูมิพลอดุลเดชมหาราช บรมนาถบพิตร\r\n โดยจะจัดขึ้นในวันที่ 12 ตุลาคม 2564 ณ บริเวณโถงชั้น 1 อาคารอเนกคุณาคาร(ราชภัฏคอมเพล็กซ์) และแจ้งเรื่อง ร่างกำหนดการโครงการกฐินสามัคคี มหาวิทยาลัยราชภัฏบุรีรัมย์ \r\nโดยจะจัดขึ้นในวันที่ 13-14 ตุลาคม 2564 โดยมีการทอดถวาย ณ วัดบ้านเมืองดู่ ตำบลเมืองฝาง อำเภอเมือง จังหวัดบุรีรัมย์  ', 1, 3, 1, ' สำนักงานศิลปะและวัฒนธรรมได้ทำการแจ้ง เรื่อง ร่างกำหนดการพิธีบำเพ็ธกุศลและกิจกรรม น้อมรำลึก เนื่องในวันคล้ายวันสวรรคตพระบาทสมเด็จพระบรมชนกาธิเศร มหาภูมิพลอดุลเดชมหาราช บรมนาถบพิตร\r\n โดยจะจัดขึ้นในวันที่ 12 ตุลาคม 2564 ณ บริเวณโถงชั้น 1 อาคารอเนกคุณาคาร(ราชภัฏคอมเพล็กซ์) และแจ้งเรื่อง ร่างกำหนดการโครงการกฐินสามัคคี มหาวิทยาลัยราชภัฏบุรีรัมย์ \r\nโดยจะจัดขึ้นในวันที่ 13-14 ตุลาคม 2564 โดยมีการทอดถวาย ณ วัดบ้านเมืองดู่ ตำบลเมืองฝาง อำเภอเมือง จังหวัดบุรีรัมย์  ');
INSERT INTO `list_agenda` VALUES (17, '1.2', 'ความพึงพอใจของบัณฑิตในการจัดพิธีซ้อมรับพระราชทานปริญญาบัตร', ' ', 1, 3, 1, ' ');
INSERT INTO `list_agenda` VALUES (18, '2.1', 'รับรองรายงานการประชุมคณะกรรมการบริหารคณะวิทยาศาสตร์ สมัยสามัญ ครั้ง 2/2563', ' ', 2, 3, 1, '');
INSERT INTO `list_agenda` VALUES (19, '3.1', 'โครงการส่งเสริมการจัดจ้างงานใหม่ สำหรับผู้จบการศึกษาใหม่ โดยภาครัฐและเอกชน', ' ', 3, 3, 1, '');
INSERT INTO `list_agenda` VALUES (20, '3.2', 'สรุปโครงการทางวิชาการ งานมหกรรมวิชาและวัฒนธรรมนานาชาติ BRICC ครั้งที่  4', ' ', 3, 3, 1, '');
INSERT INTO `list_agenda` VALUES (21, '4.1', 'โครงการส่งเสริมการจัดจ้างงานใหม่ สำหรับผู้จบการศึกษาใหม่ โดยภาครัฐและเอกชน', ' ', 4, 3, 1, '');
INSERT INTO `list_agenda` VALUES (22, 'ไม่มี', '', ' ', 5, 3, 0, '');
INSERT INTO `list_agenda` VALUES (23, '1.1', 'ความพึงพอใจของบัณฑิตในการจัดพิธีซ้อมรับพระราชทานปริญญาบัตร', ' ', 1, 4, 1, ' ');
INSERT INTO `list_agenda` VALUES (24, '1.2', 'รายงานผลการทดสอบความรู้ ความสามารถทางภาษาอังกฤษโดยใช้ข้อสอบ BRU English Test สำหรับอาจารย์ บุคลากรสายสนับสนุ และนักศึกษา มหาวิทยาลัยราชภัฏบุรีรัมย์', ' สำนักงานศิลปะและวัฒนธรรมได้ทำการแจ้ง เรื่อง ร่างกำหนดการพิธีบำเพ็ธกุศลและกิจกรรม น้อมรำลึก เนื่องในวันคล้ายวันสวรรคตพระบาทสมเด็จพระบรมชนกาธิเศร มหาภูมิพลอดุลเดชมหาราช บรมนาถบพิตร\r\n โดยจะจัดขึ้นในวันที่ 12 ตุลาคม 2564 ณ บริเวณโถงชั้น 1 อาคารอเนกคุณาคาร(ราชภัฏคอมเพล็กซ์) และแจ้งเรื่อง ร่างกำหนดการโครงการกฐินสามัคคี มหาวิทยาลัยราชภัฏบุรีรัมย์ \r\nโดยจะจัดขึ้นในวันที่ 13-14 ตุลาคม 2564 โดยมีการทอดถวาย ณ วัดบ้านเมืองดู่ ตำบลเมืองฝาง อำเภอเมือง จังหวัดบุรีรัมย์  ', 1, 4, 1, ' สำนักงานศิลปะและวัฒนธรรมได้ทำการแจ้ง เรื่อง ร่างกำหนดการพิธีบำเพ็ธกุศลและกิจกรรม น้อมรำลึก เนื่องในวันคล้ายวันสวรรคตพระบาทสมเด็จพระบรมชนกาธิเศร มหาภูมิพลอดุลเดชมหาราช บรมนาถบพิตร\r\n โดยจะจัดขึ้นในวันที่ 12 ตุลาคม 2564 ณ บริเวณโถงชั้น 1 อาคารอเนกคุณาคาร(ราชภัฏคอมเพล็กซ์) และแจ้งเรื่อง ร่างกำหนดการโครงการกฐินสามัคคี มหาวิทยาลัยราชภัฏบุรีรัมย์ \r\nโดยจะจัดขึ้นในวันที่ 13-14 ตุลาคม 2564 โดยมีการทอดถวาย ณ วัดบ้านเมืองดู่ ตำบลเมืองฝาง อำเภอเมือง จังหวัดบุรีรัมย์  ');
INSERT INTO `list_agenda` VALUES (25, '2.1', 'รับรองรายงานการประชุมคณะกรรมการบริหารคณะวิทยาศาสตร์ สมัยสามัญ ครั้ง 3/2563', ' มหาวิทยาลัยราชภัฏบุรีรัมย์ได้แจ้ง ร่างประกาศมหาวิทยาลัยราชภัฏบุรีรัมย์ เรื่อง การรับนักศึกษาเข้าศึกษาต่อในระดับปริญญาตรี รอบที่1 การรับด้วยแฟ้มสะสมผลงาน(portfolio)ประจำปีการศึกษา 2564\r\n โดยได้แจ้งรายละเอียดต่างๆ เช่น สาขาวิชาที่เปิดรับสมัคร คุณสมบัติของผู้สมัคร ข้อกำหนดสำหรับผู้สมัคร ขั้นตอนการสมัคร ระยะเวลาในการสมัคร  หลักฐานในการสมัคร รวมถึงวันสอบและวันประกาศผล เป็นต้น ', 2, 4, 1, '');
INSERT INTO `list_agenda` VALUES (26, '3.1', 'สรุปโครงการทางวิชาการ งานมหกรรมวิชาและวัฒนธรรมนานาชาติ BRICC ครั้งที่  4', ' ', 3, 4, 1, '');
INSERT INTO `list_agenda` VALUES (27, '3.2', 'ความพึงพอใจของบัณฑิตในการจัดพิธีซ้อมรับพระราชทานปริญญาบัตร', ' ', 3, 4, 1, '');
INSERT INTO `list_agenda` VALUES (28, '3.3', 'ขอสั่งจองวัตถุมงคลครั้งประวัติศาสตร์แห่ง 2564', '  ', 3, 4, 1, '');
INSERT INTO `list_agenda` VALUES (29, 'ไม่มี', '', ' ', 4, 4, 1, '');
INSERT INTO `list_agenda` VALUES (30, 'ไม่มี', '', ' ', 5, 4, 0, '');
INSERT INTO `list_agenda` VALUES (31, '1.1', 'กำหนดปฏิทินการศึกษา ภาคปกติ ปีการศึกษา 2563 (ฉบับเปลี่ยนแปลง) ฉบับที่ 3', ' มหาวิทยาลัยราชภัฏบุรีรัมย์ได้แจ้ง ร่างประกาศมหาวิทยาลัยราชภัฏบุรีรัมย์ เรื่อง การรับนักศึกษาเข้าศึกษาต่อในระดับปริญญาตรี รอบที่1 การรับด้วยแฟ้มสะสมผลงาน(portfolio)ประจำปีการศึกษา 2564\r\n โดยได้แจ้งรายละเอียดต่างๆ เช่น สาขาวิชาที่เปิดรับสมัคร คุณสมบัติของผู้สมัคร ข้อกำหนดสำหรับผู้สมัคร ขั้นตอนการสมัคร ระยะเวลาในการสมัคร  หลักฐานในการสมัคร รวมถึงวันสอบและวันประกาศผล เป็นต้น \r\n', 1, 5, NULL, NULL);
INSERT INTO `list_agenda` VALUES (32, '1.2', 'ฉลอง 50 ปี มหาวิทยาลัยราชภัฏบุรีรัมย์', ' ', 1, 5, NULL, NULL);
INSERT INTO `list_agenda` VALUES (33, '2.1', 'รับรองรายงานการประชุมคณะกรรมการบริหารคณะวิทยาศาสตร์ สมัยสามัญ ครั้ง 4/2563', ' ', 2, 5, NULL, NULL);
INSERT INTO `list_agenda` VALUES (34, '3.1', 'โครงการส่งเสริมการจัดจ้างงานใหม่ สำหรับผู้จบการศึกษาใหม่ โดยภาครัฐและเอกชน', ' ', 3, 5, NULL, NULL);
INSERT INTO `list_agenda` VALUES (35, '3.2', 'ความพึงพอใจของบัณฑิตในการจัดพิธีซ้อมรับพระราชทานปริญญาบัตร', ' ', 3, 5, NULL, NULL);
INSERT INTO `list_agenda` VALUES (36, 'ไม่มี', '', ' ', 4, 5, NULL, NULL);
INSERT INTO `list_agenda` VALUES (37, 'ไม่มี', '', ' ', 5, 5, NULL, NULL);
INSERT INTO `list_agenda` VALUES (38, '1.1', 'สรุปโครงการทางวิชาการ งานมหกรรมวิชาและวัฒนธรรมนานาชาติ BRICC ครั้งที่  4', ' ', 1, 6, NULL, NULL);
INSERT INTO `list_agenda` VALUES (39, '1.2', 'โครงการส่งเสริมการจัดจ้างงานใหม่ สำหรับผู้จบการศึกษาใหม่ โดยภาครัฐและเอกชน', ' ', 1, 6, NULL, NULL);
INSERT INTO `list_agenda` VALUES (40, '2.1', ' รับรองรายงานการประชุมคณะกรรมการบริหารคณะวิทยาศาสตร์ สมัยสามัญ ครั้ง 8/2563', ' ', 2, 6, NULL, NULL);
INSERT INTO `list_agenda` VALUES (41, '3.1', 'ความพึงพอใจของบัณฑิตในการจัดพิธีซ้อมรับพระราชทานปริญญาบัตร', ' มหาวิทยาลัยราชภัฏบุรีรัมย์ได้แจ้ง ร่างประกาศมหาวิทยาลัยราชภัฏบุรีรัมย์ เรื่อง การรับนักศึกษาเข้าศึกษาต่อในระดับปริญญาตรี รอบที่1 การรับด้วยแฟ้มสะสมผลงาน(portfolio)ประจำปีการศึกษา 2564\r\n โดยได้แจ้งรายละเอียดต่างๆ เช่น สาขาวิชาที่เปิดรับสมัคร คุณสมบัติของผู้สมัคร ข้อกำหนดสำหรับผู้สมัคร ขั้นตอนการสมัคร ระยะเวลาในการสมัคร  หลักฐานในการสมัคร รวมถึงวันสอบและวันประกาศผล เป็นต้น ', 3, 6, NULL, NULL);
INSERT INTO `list_agenda` VALUES (42, '3.1', 'รายงานผลการทดสอบความรู้ ความสามารถทางภาษาอังกฤษโดยใช้ข้อสอบ BRU English Test สำหรับอาจารย์ บุคลากรสายสนับสนุ และนักศึกษา มหาวิทยาลัยราชภัฏบุรีรัมย์', '  ', 3, 6, NULL, NULL);
INSERT INTO `list_agenda` VALUES (43, '1.1', 'เรื่องแจ้งจากสำนักศิลปะและวัฒนธรรม', ' สำนักงานศิลปะและวัฒนธรรมได้ทำการแจ้ง เรื่อง ร่างกำหนดการพิธีบำเพ็ธกุศลและกิจกรรม น้อมรำลึก เนื่องในวันคล้ายวันสวรรคตพระบาทสมเด็จพระบรมชนกาธิเศร มหาภูมิพลอดุลเดชมหาราช บรมนาถบพิตร\r\n โดยจะจัดขึ้นในวันที่ 12 ตุลาคม 2564 ณ บริเวณโถงชั้น 1 อาคารอเนกคุณาคาร(ราชภัฏคอมเพล็กซ์) และแจ้งเรื่อง ร่างกำหนดการโครงการกฐินสามัคคี มหาวิทยาลัยราชภัฏบุรีรัมย์ \r\nโดยจะจัดขึ้นในวันที่ 13-14 ตุลาคม 2564 โดยมีการทอดถวาย ณ วัดบ้านเมืองดู่ ตำบลเมืองฝาง อำเภอเมือง จังหวัดบุรีรัมย์  ', 1, 25, 1, ' สำนักงานศิลปะและวัฒนธรรมได้ทำการแจ้ง เรื่อง ร่างกำหนดการพิธีบำเพ็ธกุศลและกิจกรรม น้อมรำลึก เนื่องในวันคล้ายวันสวรรคตพระบาทสมเด็จพระบรมชนกาธิเศร มหาภูมิพลอดุลเดชมหาราช บรมนาถบพิตร\r\n โดยจะจัดขึ้นในวันที่ 12 ตุลาคม 2564 ณ บริเวณโถงชั้น 1 อาคารอเนกคุณาคาร(ราชภัฏคอมเพล็กซ์) และแจ้งเรื่อง ร่างกำหนดการโครงการกฐินสามัคคี มหาวิทยาลัยราชภัฏบุรีรัมย์ \r\nโดยจะจัดขึ้นในวันที่ 13-14 ตุลาคม 2564 โดยมีการทอดถวาย ณ วัดบ้านเมืองดู่ ตำบลเมืองฝาง อำเภอเมือง จังหวัดบุรีรัมย์  ');
INSERT INTO `list_agenda` VALUES (44, '1.2', 'แผนการรับสมัครนักศึกษาระดับปริญญาตรี ภาค ปกติ มหาวิทยาลัยราชภัฏบุรีรัมย์', ' มหาวิทยาลัยราชภัฏบุรีรัมย์ได้แจ้ง ร่างประกาศมหาวิทยาลัยราชภัฏบุรีรัมย์ เรื่อง การรับนักศึกษาเข้าศึกษาต่อในระดับปริญญาตรี รอบที่1 การรับด้วยแฟ้มสะสมผลงาน(portfolio)ประจำปีการศึกษา 2564\r\n โดยได้แจ้งรายละเอียดต่างๆ เช่น สาขาวิชาที่เปิดรับสมัคร คุณสมบัติของผู้สมัคร ข้อกำหนดสำหรับผู้สมัคร ขั้นตอนการสมัคร ระยะเวลาในการสมัคร  หลักฐานในการสมัคร รวมถึงวันสอบและวันประกาศผล เป็นต้น ', 1, 25, 1, ' มหาวิทยาลัยราชภัฏบุรีรัมย์ได้แจ้ง ร่างประกาศมหาวิทยาลัยราชภัฏบุรีรัมย์ เรื่อง การรับนักศึกษาเข้าศึกษาต่อในระดับปริญญาตรี รอบที่1 การรับด้วยแฟ้มสะสมผลงาน(portfolio)ประจำปีการศึกษา 2564\r\n โดยได้แจ้งรายละเอียดต่างๆ เช่น สาขาวิชาที่เปิดรับสมัคร คุณสมบัติของผู้สมัคร ข้อกำหนดสำหรับผู้สมัคร ขั้นตอนการสมัคร ระยะเวลาในการสมัคร  หลักฐานในการสมัคร รวมถึงวันสอบและวันประกาศผล เป็นต้น ');
INSERT INTO `list_agenda` VALUES (45, '2.1', 'พิจารณารับรองรายงานการประชุมคณะกรรมการบริหารคณะวิทยาศาสตร์ สมัยสามัญ ครั้งที่ 5/2564', ' ', 2, 25, 1, '');
INSERT INTO `list_agenda` VALUES (46, 'ไม่มี', '', ' ', 3, 25, 1, '');
INSERT INTO `list_agenda` VALUES (47, 'ไม่มี', '', ' ', 4, 25, 1, '');
INSERT INTO `list_agenda` VALUES (48, 'ไม่มี', '', ' ', 5, 25, 0, '');
INSERT INTO `list_agenda` VALUES (49, '1.1', 'เรื่องแจ้งจากสำนักศิลปะและวัฒนธรรม', ' \r\nสำนักงานศิลปะและวัฒนธรรมได้ทำการแจ้ง เรื่อง ร่างกำหนดการพิธีบำเพ็ธกุศลและกิจกรรม น้อมรำลึก เนื่องในวันคล้ายวันสวรรคตพระบาทสมเด็จพระบรมชนกาธิเศร มหาภูมิพลอดุลเดชมหาราช บรมนาถบพิตร\r\n โดยจะจัดขึ้นในวันที่ 12 ตุลาคม 2564 ณ บริเวณโถงชั้น 1 อาคารอเนกคุณาคาร(ราชภัฏคอมเพล็กซ์) และแจ้งเรื่อง ร่างกำหนดการโครงการกฐินสามัคคี มหาวิทยาลัยราชภัฏบุรีรัมย์ \r\nโดยจะจัดขึ้นในวันที่ 13-14 ตุลาคม 2564 โดยมีการทอดถวาย ณ วัดบ้านเมืองดู่ ตำบลเมืองฝาง อำเภอเมือง จังหวัดบุรีรัมย์  ', 1, 26, 1, ' \r\nสำนักงานศิลปะและวัฒนธรรมได้ทำการแจ้ง เรื่อง ร่างกำหนดการพิธีบำเพ็ธกุศลและกิจกรรม น้อมรำลึก เนื่องในวันคล้ายวันสวรรคตพระบาทสมเด็จพระบรมชนกาธิเศร มหาภูมิพลอดุลเดชมหาราช บรมนาถบพิตร\r\n โดยจะจัดขึ้นในวันที่ 12 ตุลาคม 2564 ณ บริเวณโถงชั้น 1 อาคารอเนกคุณาคาร(ราชภัฏคอมเพล็กซ์) และแจ้งเรื่อง ร่างกำหนดการโครงการกฐินสามัคคี มหาวิทยาลัยราชภัฏบุรีรัมย์ \r\nโดยจะจัดขึ้นในวันที่ 13-14 ตุลาคม 2564 โดยมีการทอดถวาย ณ วัดบ้านเมืองดู่ ตำบลเมืองฝาง อำเภอเมือง จังหวัดบุรีรัมย์  ');
INSERT INTO `list_agenda` VALUES (50, '1.2', 'ความพึงพอใจของบัณฑิตในการจัดพิธีซ้อมรับพระราชทานปริญญาบัตร', ' ', 1, 26, 1, ' ');
INSERT INTO `list_agenda` VALUES (51, '2.1', ' รับรองรายงานการประชุมคณะกรรมการบริหารคณะวิทยาศาสตร์ สมัยสามัญ ครั้ง 1/2563', ' ', 2, 26, 1, '');
INSERT INTO `list_agenda` VALUES (52, '3.1', 'สรุปโครงการทางวิชาการ งานมหกรรมวิชาและวัฒนธรรมนานาชาติ BRICC ครั้งที่  4', ' ', 3, 26, 1, '');
INSERT INTO `list_agenda` VALUES (53, '3.2', 'โครงการส่งเสริมการจัดจ้างงานใหม่ สำหรับผู้จบการศึกษาใหม่ โดยภาครัฐและเอกชน', ' \r\nมหาวิทยาลัยราชภัฏบุรีรัมย์ได้แจ้ง ร่างประกาศมหาวิทยาลัยราชภัฏบุรีรัมย์ เรื่อง การรับนักศึกษาเข้าศึกษาต่อในระดับปริญญาตรี รอบที่1 การรับด้วยแฟ้มสะสมผลงาน(portfolio)ประจำปีการศึกษา 2564\r\n โดยได้แจ้งรายละเอียดต่างๆ เช่น สาขาวิชาที่เปิดรับสมัคร คุณสมบัติของผู้สมัคร ข้อกำหนดสำหรับผู้สมัคร ขั้นตอนการสมัคร ระยะเวลาในการสมัคร  หลักฐานในการสมัคร รวมถึงวันสอบและวันประกาศผล เป็นต้น ', 3, 26, 1, '');
INSERT INTO `list_agenda` VALUES (54, 'ไม่มี', '', ' ', 4, 26, 1, '');
INSERT INTO `list_agenda` VALUES (55, 'ไม่มี', '', ' ', 5, 26, 0, '');
INSERT INTO `list_agenda` VALUES (56, '1.1', 'สรุปโครงการทางวิชาการ งานมหกรรมวิชาและวัฒนธรรมนานาชาติ BRICC ครั้งที่  4', ' \r\nมหาวิทยาลัยราชภัฏบุรีรัมย์ได้แจ้ง ร่างประกาศมหาวิทยาลัยราชภัฏบุรีรัมย์ เรื่อง การรับนักศึกษาเข้าศึกษาต่อในระดับปริญญาตรี รอบที่1 การรับด้วยแฟ้มสะสมผลงาน(portfolio)ประจำปีการศึกษา 2564\r\n โดยได้แจ้งรายละเอียดต่างๆ เช่น สาขาวิชาที่เปิดรับสมัคร คุณสมบัติของผู้สมัคร ข้อกำหนดสำหรับผู้สมัคร ขั้นตอนการสมัคร ระยะเวลาในการสมัคร  หลักฐานในการสมัคร รวมถึงวันสอบและวันประกาศผล เป็นต้น ', 1, 27, 1, ' \r\nมหาวิทยาลัยราชภัฏบุรีรัมย์ได้แจ้ง ร่างประกาศมหาวิทยาลัยราชภัฏบุรีรัมย์ เรื่อง การรับนักศึกษาเข้าศึกษาต่อในระดับปริญญาตรี รอบที่1 การรับด้วยแฟ้มสะสมผลงาน(portfolio)ประจำปีการศึกษา 2564\r\n โดยได้แจ้งรายละเอียดต่างๆ เช่น สาขาวิชาที่เปิดรับสมัคร คุณสมบัติของผู้สมัคร ข้อกำหนดสำหรับผู้สมัคร ขั้นตอนการสมัคร ระยะเวลาในการสมัคร  หลักฐานในการสมัคร รวมถึงวันสอบและวันประกาศผล เป็นต้น ');
INSERT INTO `list_agenda` VALUES (57, '1.2', 'เรื่องแจ้งจากสำนักศิลปะและวัฒนธรรม', ' \r\nสำนักงานศิลปะและวัฒนธรรมได้ทำการแจ้ง เรื่อง ร่างกำหนดการพิธีบำเพ็ธกุศลและกิจกรรม น้อมรำลึก เนื่องในวันคล้ายวันสวรรคตพระบาทสมเด็จพระบรมชนกาธิเศร มหาภูมิพลอดุลเดชมหาราช บรมนาถบพิตร\r\n โดยจะจัดขึ้นในวันที่ 12 ตุลาคม 2564 ณ บริเวณโถงชั้น 1 อาคารอเนกคุณาคาร(ราชภัฏคอมเพล็กซ์) และแจ้งเรื่อง ร่างกำหนดการโครงการกฐินสามัคคี มหาวิทยาลัยราชภัฏบุรีรัมย์ \r\nโดยจะจัดขึ้นในวันที่ 13-14 ตุลาคม 2564 โดยมีการทอดถวาย ณ วัดบ้านเมืองดู่ ตำบลเมืองฝาง อำเภอเมือง จังหวัดบุรีรัมย์  ', 1, 27, 1, ' \r\nสำนักงานศิลปะและวัฒนธรรมได้ทำการแจ้ง เรื่อง ร่างกำหนดการพิธีบำเพ็ธกุศลและกิจกรรม น้อมรำลึก เนื่องในวันคล้ายวันสวรรคตพระบาทสมเด็จพระบรมชนกาธิเศร มหาภูมิพลอดุลเดชมหาราช บรมนาถบพิตร\r\n โดยจะจัดขึ้นในวันที่ 12 ตุลาคม 2564 ณ บริเวณโถงชั้น 1 อาคารอเนกคุณาคาร(ราชภัฏคอมเพล็กซ์) และแจ้งเรื่อง ร่างกำหนดการโครงการกฐินสามัคคี มหาวิทยาลัยราชภัฏบุรีรัมย์ \r\nโดยจะจัดขึ้นในวันที่ 13-14 ตุลาคม 2564 โดยมีการทอดถวาย ณ วัดบ้านเมืองดู่ ตำบลเมืองฝาง อำเภอเมือง จังหวัดบุรีรัมย์  ');
INSERT INTO `list_agenda` VALUES (58, '2.1', ' รับรองรายงานการประชุมคณะกรรมการบริหารคณะวิทยาศาสตร์ สมัยสามัญ ครั้ง 1/2563', ' ', 2, 27, 1, '');
INSERT INTO `list_agenda` VALUES (59, '3.1', 'ฉลอง 50 ปี มหาวิทยาลัยราชภัฏบุรีรัมย์', ' ', 3, 27, 1, '');
INSERT INTO `list_agenda` VALUES (60, '3.2', 'โครงการส่งเสริมการจัดจ้างงานใหม่ สำหรับผู้จบการศึกษาใหม่ โดยภาครัฐและเอกชน', ' \r\nสำนักงานศิลปะและวัฒนธรรมได้ทำการแจ้ง เรื่อง ร่างกำหนดการพิธีบำเพ็ธกุศลและกิจกรรม น้อมรำลึก เนื่องในวันคล้ายวันสวรรคตพระบาทสมเด็จพระบรมชนกาธิเศร มหาภูมิพลอดุลเดชมหาราช บรมนาถบพิตร\r\n โดยจะจัดขึ้นในวันที่ 12 ตุลาคม 2564 ณ บริเวณโถงชั้น 1 อาคารอเนกคุณาคาร(ราชภัฏคอมเพล็กซ์) และแจ้งเรื่อง ร่างกำหนดการโครงการกฐินสามัคคี มหาวิทยาลัยราชภัฏบุรีรัมย์ \r\nโดยจะจัดขึ้นในวันที่ 13-14 ตุลาคม 2564 โดยมีการทอดถวาย ณ วัดบ้านเมืองดู่ ตำบลเมืองฝาง อำเภอเมือง จังหวัดบุรีรัมย์  \r\n', 3, 27, 1, '');
INSERT INTO `list_agenda` VALUES (61, 'ไม่มี', '', ' ', 4, 27, 1, '');
INSERT INTO `list_agenda` VALUES (62, 'ไม่มี', '', ' ', 5, 27, 0, '');
INSERT INTO `list_agenda` VALUES (63, '1.1', 'เรื่องแจ้งจากสำนักศิลปะและวัฒนธรรม', ' \r\nสำนักงานศิลปะและวัฒนธรรมได้ทำการแจ้ง เรื่อง ร่างกำหนดการพิธีบำเพ็ธกุศลและกิจกรรม น้อมรำลึก เนื่องในวันคล้ายวันสวรรคตพระบาทสมเด็จพระบรมชนกาธิเศร มหาภูมิพลอดุลเดชมหาราช บรมนาถบพิตร\r\n โดยจะจัดขึ้นในวันที่ 12 ตุลาคม 2564 ณ บริเวณโถงชั้น 1 อาคารอเนกคุณาคาร(ราชภัฏคอมเพล็กซ์) และแจ้งเรื่อง ร่างกำหนดการโครงการกฐินสามัคคี มหาวิทยาลัยราชภัฏบุรีรัมย์ \r\nโดยจะจัดขึ้นในวันที่ 13-14 ตุลาคม 2564 โดยมีการทอดถวาย ณ วัดบ้านเมืองดู่ ตำบลเมืองฝาง อำเภอเมือง จังหวัดบุรีรัมย์  \r\n', 1, 28, 1, ' \r\nสำนักงานศิลปะและวัฒนธรรมได้ทำการแจ้ง เรื่อง ร่างกำหนดการพิธีบำเพ็ธกุศลและกิจกรรม น้อมรำลึก เนื่องในวันคล้ายวันสวรรคตพระบาทสมเด็จพระบรมชนกาธิเศร มหาภูมิพลอดุลเดชมหาราช บรมนาถบพิตร\r\n โดยจะจัดขึ้นในวันที่ 12 ตุลาคม 2564 ณ บริเวณโถงชั้น 1 อาคารอเนกคุณาคาร(ราชภัฏคอมเพล็กซ์) และแจ้งเรื่อง ร่างกำหนดการโครงการกฐินสามัคคี มหาวิทยาลัยราชภัฏบุรีรัมย์ \r\nโดยจะจัดขึ้นในวันที่ 13-14 ตุลาคม 2564 โดยมีการทอดถวาย ณ วัดบ้านเมืองดู่ ตำบลเมืองฝาง อำเภอเมือง จังหวัดบุรีรัมย์  \r\n');
INSERT INTO `list_agenda` VALUES (64, '1.2', 'สรุปโครงการทางวิชาการ งานมหกรรมวิชาและวัฒนธรรมนานาชาติ BRICC ครั้งที่  4', ' ', 1, 28, 1, ' ');
INSERT INTO `list_agenda` VALUES (65, '2.1', 'รับรองรายงานการประชุมคณะกรรมการบริหารคณะวิทยาศาสตร์ สมัยสามัญ ครั้ง 3/2563', ' ', 2, 28, 1, '');
INSERT INTO `list_agenda` VALUES (66, '3.1', '', ' ฉลอง 50 ปี มหาวิทยาลัยราชภัฏบุรีรัมย์', 3, 28, 1, '');
INSERT INTO `list_agenda` VALUES (67, 'ไม่มี', '', ' ', 4, 28, 1, '');
INSERT INTO `list_agenda` VALUES (68, 'ไม่มี', '', ' ', 5, 28, 0, '');

-- ----------------------------
-- Table structure for position
-- ----------------------------
DROP TABLE IF EXISTS `position`;
CREATE TABLE `position`  (
  `position_id` int(11) NOT NULL AUTO_INCREMENT,
  `position_name` varchar(255) CHARACTER SET utf8 COLLATE utf8_general_ci NULL DEFAULT NULL,
  `user_id` int(11) NULL DEFAULT NULL,
  `meeting_id` int(11) NULL DEFAULT NULL,
  PRIMARY KEY (`position_id`) USING BTREE
) ENGINE = InnoDB AUTO_INCREMENT = 7 CHARACTER SET = utf8 COLLATE = utf8_general_ci ROW_FORMAT = DYNAMIC;

-- ----------------------------
-- Records of position
-- ----------------------------
INSERT INTO `position` VALUES (1, 'ประธานกรรมการ', NULL, NULL);
INSERT INTO `position` VALUES (2, 'รองประธานกรรมการ', NULL, NULL);
INSERT INTO `position` VALUES (3, 'ที่ปรึกษา', NULL, NULL);
INSERT INTO `position` VALUES (4, 'กรรมการ', NULL, NULL);
INSERT INTO `position` VALUES (5, 'กรรมการและเลขานุการ', NULL, NULL);
INSERT INTO `position` VALUES (6, 'กรรมการและผู้ช่วยเลขานุการ', NULL, NULL);

-- ----------------------------
-- Table structure for program
-- ----------------------------
DROP TABLE IF EXISTS `program`;
CREATE TABLE `program`  (
  `user_program` int(1) NOT NULL AUTO_INCREMENT,
  `program_name` varchar(100) CHARACTER SET utf8 COLLATE utf8_general_ci NULL DEFAULT NULL,
  PRIMARY KEY (`user_program`) USING BTREE
) ENGINE = InnoDB AUTO_INCREMENT = 13 CHARACTER SET = utf8 COLLATE = utf8_general_ci ROW_FORMAT = DYNAMIC;

-- ----------------------------
-- Records of program
-- ----------------------------
INSERT INTO `program` VALUES (1, 'คณิตศาสตร์ ');
INSERT INTO `program` VALUES (2, 'วิทยาการคอมพิวเตอร์');
INSERT INTO `program` VALUES (3, 'เทคโนโลยีภูมิสารสนเทศและภูมิศาสตร์\r');
INSERT INTO `program` VALUES (4, 'วิทยาศาสตร์การกีฬา\r');
INSERT INTO `program` VALUES (5, 'สถิติประยุกต์ ');
INSERT INTO `program` VALUES (6, 'เคมี');
INSERT INTO `program` VALUES (7, 'สาธารณสุขศาสตร์ ');
INSERT INTO `program` VALUES (8, 'ชีววิทยา ');
INSERT INTO `program` VALUES (9, 'วิทยาศาสตร์สิ่งแวดล้อม\r');
INSERT INTO `program` VALUES (10, 'นวัตกรรมสิ่งทอและการออกแบบ');
INSERT INTO `program` VALUES (11, 'นวัตกรรมอาหารและแปรรูป\r');
INSERT INTO `program` VALUES (12, 'เทคโนโลยีสารสนเทศ\r');

-- ----------------------------
-- Table structure for report
-- ----------------------------
DROP TABLE IF EXISTS `report`;
CREATE TABLE `report`  (
  `report_id` int(8) NOT NULL,
  `report_name` varchar(255) CHARACTER SET utf8 COLLATE utf8_general_ci NOT NULL,
  `user_id` int(6) NOT NULL,
  `report_datetime` datetime(0) NOT NULL
) ENGINE = InnoDB CHARACTER SET = utf8 COLLATE = utf8_general_ci ROW_FORMAT = DYNAMIC;

-- ----------------------------
-- Records of report
-- ----------------------------

-- ----------------------------
-- Table structure for title
-- ----------------------------
DROP TABLE IF EXISTS `title`;
CREATE TABLE `title`  (
  `user_title` int(1) NOT NULL AUTO_INCREMENT,
  `title_name` varchar(10) CHARACTER SET utf8 COLLATE utf8_general_ci NULL DEFAULT NULL,
  PRIMARY KEY (`user_title`) USING BTREE
) ENGINE = InnoDB AUTO_INCREMENT = 11 CHARACTER SET = utf8 COLLATE = utf8_general_ci ROW_FORMAT = DYNAMIC;

-- ----------------------------
-- Records of title
-- ----------------------------
INSERT INTO `title` VALUES (1, 'ดร.');
INSERT INTO `title` VALUES (2, 'ศ.ดร.');
INSERT INTO `title` VALUES (3, 'ศ.');
INSERT INTO `title` VALUES (4, 'ผศ.ดร.');
INSERT INTO `title` VALUES (5, 'ผศ.');
INSERT INTO `title` VALUES (6, 'รศ.ดร.');
INSERT INTO `title` VALUES (7, 'รศ.');
INSERT INTO `title` VALUES (8, 'นาย');
INSERT INTO `title` VALUES (9, 'นาง');
INSERT INTO `title` VALUES (10, 'นางสาว');

-- ----------------------------
-- Table structure for type
-- ----------------------------
DROP TABLE IF EXISTS `type`;
CREATE TABLE `type`  (
  `type_id` tinyint(1) NOT NULL AUTO_INCREMENT,
  `type_name` varchar(20) CHARACTER SET utf8 COLLATE utf8_general_ci NOT NULL,
  PRIMARY KEY (`type_id`) USING BTREE
) ENGINE = InnoDB AUTO_INCREMENT = 3 CHARACTER SET = utf8 COLLATE = utf8_general_ci ROW_FORMAT = DYNAMIC;

-- ----------------------------
-- Records of type
-- ----------------------------
INSERT INTO `type` VALUES (1, 'ADMIN');
INSERT INTO `type` VALUES (2, 'อาจารย์');

-- ----------------------------
-- Table structure for user
-- ----------------------------
DROP TABLE IF EXISTS `user`;
CREATE TABLE `user`  (
  `user_id` int(6) NOT NULL AUTO_INCREMENT,
  `user_title` varchar(10) CHARACTER SET utf8 COLLATE utf8_general_ci NOT NULL,
  `user_fname` varchar(20) CHARACTER SET utf8 COLLATE utf8_general_ci NOT NULL,
  `user_lname` varchar(20) CHARACTER SET utf8 COLLATE utf8_general_ci NOT NULL,
  `user_program` varchar(30) CHARACTER SET utf8 COLLATE utf8_general_ci NOT NULL,
  `user_tel` varchar(10) CHARACTER SET utf8 COLLATE utf8_general_ci NOT NULL,
  `user_email` varchar(50) CHARACTER SET utf8 COLLATE utf8_general_ci NOT NULL,
  `user_datetime` datetime(0) NOT NULL,
  `user_name` varchar(20) CHARACTER SET utf8 COLLATE utf8_general_ci NOT NULL,
  `user_password` varchar(20) CHARACTER SET utf8 COLLATE utf8_general_ci NOT NULL,
  `type_id` tinyint(1) NOT NULL,
  `user_line_id` varchar(100) CHARACTER SET utf8 COLLATE utf8_general_ci NULL DEFAULT NULL,
  PRIMARY KEY (`user_id`) USING BTREE
) ENGINE = InnoDB AUTO_INCREMENT = 17 CHARACTER SET = utf8 COLLATE = utf8_general_ci ROW_FORMAT = DYNAMIC;

-- ----------------------------
-- Records of user
-- ----------------------------
INSERT INTO `user` VALUES (6, '8', 'ไม้', 'เดชบันดิษ', '12', '0872375189', '610112230025@bru.ac.th', '2021-02-02 13:42:56', '123456', '123456', 1, 'U17c31c63a80c64beafc323efae926735');
INSERT INTO `user` VALUES (9, '2', 'อาทิตยา', 'บุญตรี', '1', '0806483803', '610112230040@bru.ac.th', '2021-02-02 13:43:06', '1234', '1234', 1, '');
INSERT INTO `user` VALUES (10, '5', 'วณิชยา', 'พันเถา', '2', '0806483803', '610112230037@bru.ac.th', '2021-02-02 13:38:13', '610112230037', '151617', 2, NULL);
INSERT INTO `user` VALUES (11, '10', 'ญาติมา', 'ครองชื่น', '4', '0804728902', '610112230030@bru.ac.th', '2021-02-02 13:43:21', '12345', '12345', 1, 'U9c45fbecc806a649cc4288a7577e2aab');
INSERT INTO `user` VALUES (12, '10', 'อาภา', 'มะลิลัย', '7', '0806483803', '610112230041@bru.ac.th', '2021-02-02 13:39:42', '610112230041', '11111', 2, NULL);
INSERT INTO `user` VALUES (13, '8', 'ณัฐพงศ์', 'เงางาม', '9', '0806483803', '610112230016@bru.ac.th', '2021-02-02 13:41:27', '610112230016', '555555', 1, NULL);
INSERT INTO `user` VALUES (14, '1', 'ณัฐริกา', 'สวัสดี', '5', '0804728902', '610112230001@bru.ac.th', '2021-02-02 13:42:47', '610112230001', '111111', 2, NULL);
INSERT INTO `user` VALUES (15, '10', 'พัชริดา', 'สาเหลา', '11', '0804728902', '610112230035@bru.ac.th', '2021-02-02 13:44:07', '610112230035', '111111', 2, NULL);
INSERT INTO `user` VALUES (16, '10', 'ภานุพร', 'กะตะศิลา', '4', '0804728902', '610112230031@bru.ac.th', '2021-02-02 13:44:56', '610112230036', '111111', 2, NULL);

SET FOREIGN_KEY_CHECKS = 1;
